Age,Attrition,Department,JobRole,JobLevel,OverTime,BusinessTravel,DistanceFromHome,JobSatisfaction,EnvironmentSatisfaction,RelationshipSatisfaction,WorkLifeBalance,YearsAtCompany,YearsInCurrentRole,YearsSinceLastPromotion,Engagement_Index,Engagement_Category,Burnout_Risk_Score,Burnout_Risk_Level,Satisfaction_Stability_Score,Workload_Stress_Indicator
41,1,Sales,Sales Executive,2,Yes,Travel_Rarely,1,4,2,1,1,6,4,0,2.5,Moderate,2,High,5.71909584179366,2
49,0,Research & Development,Research Scientist,2,No,Travel_Frequently,8,2,3,4,3,10,7,1,2.75,Moderate,0,Low,45.566894604818266,2
37,1,Research & Development,Laboratory Technician,1,Yes,Travel_Rarely,2,3,4,2,3,0,0,0,2.75,Moderate,1,Medium,45.566894604818266,2
33,0,Research & Development,Research Scientist,1,Yes,Travel_Frequently,3,3,4,3,3,8,7,3,3.25,High,1,Medium,66.66666666666667,3
27,0,Research & Development,Laboratory Technician,1,No,Travel_Rarely,2,2,1,4,3,2,2,2,2.5,Moderate,0,Low,13.93370341761296,1
32,0,Research & Development,Laboratory Technician,1,No,Travel_Frequently,2,4,4,3,2,7,7,3,3.5,High,1,Medium,36.17152614957746,2
59,0,Research & Development,Laboratory Technician,1,Yes,Travel_Rarely,3,1,3,1,2,1,0,0,2.25,Moderate,2,High,36.17152614957746,2
30,0,Research & Development,Laboratory Technician,1,No,Travel_Rarely,24,3,4,2,3,1,0,0,3.0,High,0,Low,45.566894604818266,1
38,0,Research & Development,Manufacturing Director,3,No,Travel_Frequently,23,3,4,2,3,9,7,1,2.75,Moderate,0,Low,45.566894604818266,2
36,0,Research & Development,Healthcare Representative,2,No,Travel_Rarely,27,3,3,2,2,7,7,7,2.75,Moderate,1,Medium,61.50998205402495,1
35,0,Research & Development,Laboratory Technician,1,No,Travel_Rarely,16,2,1,3,3,5,4,0,2.5,Moderate,0,Low,36.17152614957746,1
29,0,Research & Development,Laboratory Technician,2,Yes,Travel_Rarely,15,3,4,4,3,9,5,0,3.25,High,1,Medium,61.50998205402495,2
31,0,Research & Development,Research Scientist,1,No,Travel_Rarely,26,3,1,4,2,5,2,4,2.75,Moderate,1,Medium,13.93370341761296,1
34,0,Research & Development,Laboratory Technician,1,No,Travel_Rarely,19,4,2,3,3,2,2,1,3.0,High,0,Low,45.566894604818266,1
28,1,Research & Development,Laboratory Technician,1,Yes,Travel_Rarely,24,3,3,2,3,4,2,0,2.5,Moderate,1,Medium,66.66666666666667,2
29,0,Research & Development,Manufacturing Director,3,No,Travel_Rarely,21,1,2,3,3,10,9,8,2.5,Moderate,0,Low,36.17152614957746,1
32,0,Research & Development,Research Scientist,1,Yes,Travel_Rarely,5,2,1,4,2,6,2,0,2.75,Moderate,2,High,16.1129507192139,2
22,0,Research & Development,Laboratory Technician,1,Yes,Non-Travel,16,4,4,2,2,1,0,0,3.5,High,2,High,23.019964108049905,1
53,0,Sales,Manager,4,No,Travel_Rarely,2,4,1,3,3,25,8,3,2.5,Moderate,0,Low,16.1129507192139,1
38,0,Research & Development,Research Scientist,1,Yes,Travel_Rarely,2,4,4,3,3,3,2,1,3.5,High,1,Medium,61.50998205402495,2
24,0,Research & Development,Manufacturing Director,2,No,Non-Travel,11,3,1,4,2,4,2,1,3.0,High,1,Medium,13.93370341761296,0
36,1,Sales,Sales Representative,1,No,Travel_Rarely,9,1,3,2,3,5,3,0,2.0,Moderate,0,Low,36.17152614957746,1
34,0,Research & Development,Research Director,3,No,Travel_Rarely,7,2,1,3,3,12,6,2,2.25,Moderate,0,Low,36.17152614957746,1
21,0,Research & Development,Research Scientist,1,No,Travel_Rarely,15,4,3,4,3,0,0,0,3.5,High,0,Low,61.50998205402495,1
34,1,Research & Development,Research Scientist,1,No,Travel_Rarely,6,1,2,3,3,4,2,1,2.25,Moderate,0,Low,36.17152614957746,1
53,0,Research & Development,Manager,5,No,Travel_Rarely,5,3,3,4,2,14,13,4,3.25,High,1,Medium,45.566894604818266,1
32,1,Research & Development,Research Scientist,1,Yes,Travel_Frequently,16,1,2,2,3,10,2,6,1.5,Low,1,Medium,45.566894604818266,3
42,0,Sales,Sales Executive,2,No,Travel_Rarely,8,2,3,4,3,9,7,4,3.0,High,0,Low,45.566894604818266,1
44,0,Research & Development,Healthcare Representative,3,No,Travel_Rarely,7,4,1,4,3,22,6,5,2.75,Moderate,0,Low,5.71909584179366,1
46,0,Sales,Manager,5,No,Travel_Rarely,2,1,2,4,2,2,2,2,2.5,Moderate,1,Medium,16.1129507192139,1
33,0,Research & Development,Laboratory Technician,1,No,Travel_Rarely,2,4,3,4,3,1,1,0,3.5,High,0,Low,61.50998205402495,1
44,0,Research & Development,Healthcare Representative,2,Yes,Travel_Rarely,10,4,4,4,4,4,2,1,3.75,High,1,Medium,100.0,2
30,0,Research & Development,Laboratory Technician,1,No,Travel_Rarely,9,3,4,1,3,10,0,1,2.5,Moderate,0,Low,16.1129507192139,1
39,1,Sales,Sales Representative,2,No,Travel_Rarely,5,4,4,3,4,1,0,0,3.5,High,0,Low,66.66666666666667,1
24,1,Research & Development,Research Scientist,1,Yes,Travel_Rarely,1,4,2,1,2,2,0,2,2.5,Moderate,2,High,16.1129507192139,2
43,0,Research & Development,Research Scientist,1,No,Travel_Rarely,2,3,4,4,2,5,3,1,3.75,High,1,Medium,36.17152614957746,1
50,1,Sales,Sales Representative,1,Yes,Travel_Rarely,3,3,1,3,3,3,2,0,2.25,Moderate,1,Medium,33.33333333333334,2
35,0,Sales,Sales Representative,1,No,Travel_Rarely,2,4,4,1,3,2,2,2,3.0,High,0,Low,5.71909584179366,1
36,0,Research & Development,Research Scientist,1,Yes,Travel_Rarely,5,1,2,4,4,1,1,0,2.25,Moderate,1,Medium,0.0,2
33,0,Sales,Sales Executive,2,No,Travel_Frequently,1,1,3,1,3,5,3,1,2.25,Moderate,0,Low,23.019964108049905,2
35,0,Research & Development,Laboratory Technician,1,No,Travel_Rarely,4,4,3,3,3,1,0,0,3.25,High,0,Low,66.66666666666667,1
27,0,Research & Development,Laboratory Technician,1,No,Travel_Rarely,2,1,4,4,3,1,0,0,3.0,High,0,Low,5.71909584179366,1
26,1,Research & Development,Laboratory Technician,1,No,Travel_Rarely,25,3,1,3,2,1,0,0,2.0,Moderate,1,Medium,36.17152614957746,1
27,0,Sales,Sales Executive,3,No,Travel_Frequently,8,3,4,4,3,9,8,1,3.5,High,0,Low,61.50998205402495,2
30,0,Research & Development,Laboratory Technician,2,No,Travel_Frequently,1,4,3,4,3,12,8,3,3.5,High,0,Low,61.50998205402495,2
41,1,Research & Development,Research Director,5,No,Travel_Rarely,12,3,2,4,3,22,15,15,3.0,High,0,Low,45.566894604818266,1
34,0,Sales,Sales Executive,2,No,Non-Travel,23,3,2,3,3,9,5,8,2.75,Moderate,0,Low,66.66666666666667,0
37,0,Research & Development,Research Scientist,1,No,Travel_Rarely,19,2,2,1,3,1,0,0,2.0,Moderate,0,Low,45.566894604818266,1
46,0,Sales,Sales Executive,2,Yes,Travel_Frequently,5,4,1,3,3,9,6,0,2.75,Moderate,1,Medium,16.1129507192139,3
35,0,Research & Development,Laboratory Technician,1,No,Travel_Rarely,8,4,4,4,3,1,0,0,4.0,High,0,Low,66.66666666666667,1
48,1,Research & Development,Laboratory Technician,3,Yes,Travel_Rarely,1,3,1,4,3,1,0,0,2.5,Moderate,1,Medium,16.1129507192139,2
28,1,Research & Development,Laboratory Technician,1,Yes,Travel_Rarely,5,3,3,3,2,2,2,2,3.0,High,2,High,66.66666666666667,2
44,0,Sales,Sales Executive,2,Yes,Travel_Rarely,1,1,2,3,2,4,3,1,2.25,Moderate,2,High,45.566894604818266,2
35,0,Research & Development,Healthcare Representative,3,Yes,Non-Travel,11,1,3,3,3,4,0,2,2.25,Moderate,1,Medium,33.33333333333334,1
26,0,Sales,Sales Executive,2,Yes,Travel_Rarely,23,4,3,3,2,2,2,0,3.0,High,2,High,45.566894604818266,2
33,0,Research & Development,Research Director,3,Yes,Travel_Frequently,1,4,1,3,3,15,14,8,2.75,Moderate,1,Medium,16.1129507192139,3
35,0,Sales,Sales Executive,3,No,Travel_Frequently,18,1,2,4,2,9,8,1,2.5,Moderate,1,Medium,16.1129507192139,2
35,0,Research & Development,Laboratory Technician,1,Yes,Travel_Rarely,23,1,3,3,3,2,2,2,2.5,Moderate,1,Medium,33.33333333333334,2
31,0,Research & Development,Laboratory Technician,2,No,Travel_Rarely,7,4,4,4,2,7,7,1,3.75,High,1,Medium,33.33333333333334,1
37,0,Research & Development,Manufacturing Director,2,No,Travel_Rarely,1,3,1,3,4,7,5,0,2.25,Moderate,0,Low,16.1129507192139,1
32,0,Research & Development,Manufacturing Director,2,Yes,Travel_Rarely,1,4,1,2,3,9,8,7,2.5,Moderate,1,Medium,13.93370341761296,2
38,0,Research & Development,Laboratory Technician,2,No,Travel_Frequently,29,4,4,4,3,10,3,9,3.75,High,0,Low,66.66666666666667,2
50,0,Research & Development,Research Director,5,Yes,Travel_Rarely,7,3,2,4,2,27,3,13,2.75,Moderate,2,High,36.17152614957746,2
59,0,Sales,Sales Executive,3,No,Travel_Rarely,25,1,1,4,2,21,16,7,2.25,Moderate,1,Medium,5.71909584179366,1
36,0,Research & Development,Healthcare Representative,3,No,Travel_Rarely,8,3,3,2,3,17,14,12,2.75,Moderate,0,Low,66.66666666666667,1
55,0,Research & Development,Manager,4,Yes,Travel_Rarely,8,3,4,3,3,5,0,0,3.25,High,1,Medium,66.66666666666667,2
36,0,Research & Development,Manufacturing Director,2,No,Travel_Frequently,11,2,2,3,3,6,5,0,2.25,Moderate,0,Low,61.50998205402495,2
45,0,Research & Development,Research Scientist,3,No,Travel_Rarely,7,1,2,3,3,1,0,0,2.25,Moderate,0,Low,36.17152614957746,1
35,0,Research & Development,Research Scientist,1,No,Travel_Frequently,1,1,2,4,2,3,2,1,2.5,Moderate,1,Medium,16.1129507192139,2
36,1,Research & Development,Research Scientist,1,Yes,Travel_Rarely,9,3,4,1,2,1,0,0,2.5,Moderate,2,High,13.93370341761296,2
59,0,Sales,Sales Executive,2,No,Travel_Frequently,1,3,1,4,2,4,3,1,2.5,Moderate,1,Medium,13.93370341761296,2
29,0,Research & Development,Research Scientist,1,No,Travel_Rarely,2,2,3,4,3,5,4,0,3.0,High,0,Low,45.566894604818266,1
31,0,Research & Development,Research Scientist,1,No,Travel_Rarely,1,2,3,2,3,1,1,1,2.5,Moderate,0,Low,61.50998205402495,1
32,0,Research & Development,Research Scientist,2,No,Travel_Rarely,1,2,2,2,3,10,4,0,2.25,Moderate,0,Low,66.66666666666667,1
36,0,Research & Development,Laboratory Technician,1,No,Travel_Rarely,6,4,2,2,3,1,0,0,3.0,High,0,Low,36.17152614957746,1
31,0,Research & Development,Manufacturing Director,2,No,Travel_Rarely,8,4,3,4,3,11,7,1,3.5,High,0,Low,61.50998205402495,1
35,0,Sales,Sales Executive,2,No,Travel_Rarely,1,1,3,2,3,15,13,2,2.0,Moderate,0,Low,36.17152614957746,1
45,0,Research & Development,Research Director,3,Yes,Travel_Rarely,6,1,4,2,4,0,0,0,2.5,Moderate,1,Medium,0.0,2
37,0,Research & Development,Research Director,3,No,Travel_Rarely,7,3,1,1,4,5,2,0,2.0,Moderate,0,Low,0.0,1
46,0,Human Resources,Human Resources,2,Yes,Travel_Rarely,5,2,2,4,3,4,2,0,2.75,Moderate,1,Medium,36.17152614957746,2
30,0,Research & Development,Laboratory Technician,2,Yes,Travel_Rarely,1,4,4,3,2,10,8,3,3.25,High,2,High,36.17152614957746,2
35,0,Research & Development,Research Scientist,1,No,Travel_Rarely,1,3,2,1,3,6,4,0,2.0,Moderate,0,Low,36.17152614957746,1
55,0,Sales,Sales Executive,3,No,Travel_Rarely,1,4,1,4,3,1,0,1,3.0,High,0,Low,5.71909584179366,1
38,0,Research & Development,Research Scientist,2,Yes,Non-Travel,6,4,2,4,3,13,11,1,2.75,Moderate,1,Medium,36.17152614957746,1
34,0,Research & Development,Manufacturing Director,2,No,Travel_Rarely,1,2,1,3,3,5,2,1,2.25,Moderate,0,Low,36.17152614957746,1
56,0,Research & Development,Manufacturing Director,3,No,Travel_Rarely,7,4,4,1,2,6,4,0,2.5,Moderate,1,Medium,0.0,1
23,0,Sales,Sales Representative,1,No,Travel_Rarely,2,1,3,3,3,0,0,0,2.5,Moderate,0,Low,33.33333333333334,1
51,0,Research & Development,Laboratory Technician,1,No,Travel_Rarely,9,4,4,2,3,4,2,0,3.25,High,0,Low,36.17152614957746,1
30,0,Research & Development,Healthcare Representative,2,No,Travel_Rarely,2,4,3,1,3,11,10,10,2.5,Moderate,0,Low,16.1129507192139,1
46,1,Sales,Sales Executive,3,No,Travel_Rarely,9,4,3,4,3,9,8,4,3.25,High,0,Low,61.50998205402495,1
40,0,Research & Development,Healthcare Representative,4,No,Travel_Frequently,1,2,3,4,2,22,3,11,2.75,Moderate,1,Medium,36.17152614957746,2
51,0,Sales,Sales Executive,2,Yes,Travel_Rarely,21,4,3,4,1,10,7,1,3.5,High,2,High,5.71909584179366,2
30,0,Sales,Sales Executive,2,Yes,Travel_Rarely,4,2,3,2,2,11,8,2,2.25,Moderate,2,High,66.66666666666667,2
46,0,Research & Development,Healthcare Representative,3,Yes,Travel_Frequently,1,1,3,3,2,10,9,9,2.25,Moderate,2,High,36.17152614957746,3
32,0,Sales,Sales Executive,2,No,Travel_Rarely,6,3,2,1,3,11,8,5,2.25,Moderate,0,Low,36.17152614957746,1
54,0,Research & Development,Research Director,3,No,Travel_Rarely,2,3,1,1,1,4,3,0,2.0,Moderate,1,Medium,33.33333333333334,1
24,0,Sales,Sales Executive,2,No,Travel_Rarely,3,3,1,1,2,3,2,0,2.0,Moderate,1,Medium,36.17152614957746,1
28,0,Sales,Sales Executive,2,No,Non-Travel,4,3,2,2,4,5,4,0,2.5,Moderate,0,Low,36.17152614957746,0
58,0,Sales,Sales Executive,4,No,Travel_Rarely,10,3,4,3,2,37,10,1,3.25,High,1,Medium,45.566894604818266,1
44,0,Research & Development,Laboratory Technician,2,No,Non-Travel,23,2,2,3,4,3,2,1,2.5,Moderate,0,Low,36.17152614957746,0
37,1,Human Resources,Human Resources,1,Yes,Travel_Rarely,6,1,3,4,3,3,2,0,2.75,Moderate,1,Medium,16.1129507192139,2
32,0,Research & Development,Research Scientist,1,No,Travel_Rarely,1,1,4,4,3,1,0,0,3.0,High,0,Low,5.71909584179366,1
20,1,Research & Development,Laboratory Technician,1,Yes,Travel_Frequently,6,4,4,2,3,1,0,1,3.0,High,1,Medium,36.17152614957746,3
34,0,Research & Development,Research Scientist,2,No,Travel_Rarely,6,3,1,3,3,16,13,2,2.5,Moderate,0,Low,33.33333333333334,1
37,0,Research & Development,Healthcare Representative,2,No,Non-Travel,2,4,3,4,4,1,0,0,3.25,High,0,Low,66.66666666666667,0
59,0,Human Resources,Manager,5,No,Non-Travel,2,4,3,4,3,3,2,2,3.25,High,0,Low,61.50998205402495,0
50,0,Research & Development,Research Director,5,Yes,Travel_Frequently,1,2,1,1,2,8,3,0,1.75,Low,2,High,61.50998205402495,3
25,1,Sales,Sales Executive,2,Yes,Travel_Rarely,5,3,3,4,3,6,4,0,3.0,High,1,Medium,66.66666666666667,2
25,0,Research & Development,Research Scientist,1,No,Travel_Rarely,7,4,4,3,3,2,2,2,3.25,High,0,Low,61.50998205402495,1
22,0,Research & Development,Laboratory Technician,1,No,Travel_Rarely,15,4,2,3,3,0,0,0,3.0,High,0,Low,45.566894604818266,1
51,0,Research & Development,Healthcare Representative,3,No,Travel_Frequently,1,1,1,3,2,13,12,12,1.75,Low,1,Medium,36.17152614957746,2
34,1,Research & Development,Laboratory Technician,2,Yes,Travel_Frequently,7,3,1,4,3,9,7,0,2.25,Moderate,1,Medium,16.1129507192139,3
54,0,Human Resources,Manager,4,Yes,Non-Travel,26,4,4,3,3,5,3,4,3.75,High,1,Medium,61.50998205402495,1
24,0,Research & Development,Laboratory Technician,1,No,Travel_Rarely,18,3,2,3,3,5,3,1,2.75,Moderate,0,Low,66.66666666666667,1
34,0,Research & Development,Research Scientist,2,No,Travel_Rarely,6,2,3,3,3,1,0,0,2.5,Moderate,0,Low,66.66666666666667,1
37,0,Sales,Sales Executive,3,No,Travel_Rarely,3,4,3,1,3,5,3,1,2.75,Moderate,0,Low,16.1129507192139,1
34,0,Research & Development,Manager,3,No,Travel_Rarely,5,1,3,4,3,11,10,5,2.5,Moderate,0,Low,16.1129507192139,1
36,0,Sales,Sales Executive,3,No,Travel_Frequently,11,4,2,3,3,9,7,2,3.0,High,0,Low,45.566894604818266,2
36,0,Research & Development,Laboratory Technician,1,No,Travel_Rarely,3,4,1,1,3,1,0,0,2.25,Moderate,0,Low,0.0,1
43,0,Sales,Manager,4,Yes,Travel_Frequently,26,4,3,4,4,25,12,4,3.5,High,1,Medium,66.66666666666667,3
30,0,Research & Development,Research Scientist,1,No,Travel_Frequently,23,3,1,3,2,10,7,0,2.0,Moderate,1,Medium,36.17152614957746,2
33,0,Sales,Sales Executive,2,No,Non-Travel,22,2,3,1,4,7,7,0,2.25,Moderate,0,Low,13.93370341761296,0
56,1,Research & Development,Research Scientist,1,Yes,Travel_Rarely,14,2,2,1,3,5,4,4,2.0,Moderate,1,Medium,45.566894604818266,2
51,0,Research & Development,Research Director,5,No,Travel_Rarely,6,3,1,3,3,20,18,15,2.5,Moderate,0,Low,33.33333333333334,1
31,1,Sales,Sales Executive,2,Yes,Travel_Rarely,6,3,2,2,2,7,7,7,2.0,Moderate,2,High,66.66666666666667,2
26,0,Research & Development,Research Scientist,1,No,Travel_Rarely,6,2,3,3,2,5,4,4,2.5,Moderate,1,Medium,61.50998205402495,1
58,1,Research & Development,Healthcare Representative,3,No,Travel_Rarely,23,4,4,4,2,40,10,15,3.75,High,1,Medium,33.33333333333334,1
19,1,Sales,Sales Representative,1,Yes,Travel_Rarely,22,3,4,4,2,0,0,0,3.5,High,2,High,36.17152614957746,2
22,0,Research & Development,Laboratory Technician,1,No,Travel_Rarely,2,4,3,3,3,2,1,2,3.25,High,0,Low,66.66666666666667,1
49,0,Research & Development,Manufacturing Director,2,No,Travel_Rarely,20,1,3,3,2,15,11,5,2.5,Moderate,1,Medium,36.17152614957746,1
43,0,Research & Development,Research Scientist,1,No,Travel_Frequently,28,3,2,4,3,3,2,1,3.25,High,0,Low,45.566894604818266,2
50,0,Sales,Sales Executive,3,No,Travel_Frequently,12,4,3,4,3,2,2,2,3.5,High,0,Low,61.50998205402495,2
31,1,Sales,Sales Executive,2,Yes,Travel_Rarely,20,3,2,3,3,2,2,2,2.25,Moderate,1,Medium,66.66666666666667,2
41,0,Sales,Sales Executive,3,Yes,Travel_Rarely,9,3,3,3,3,9,7,0,3.0,High,1,Medium,100.0,2
26,0,Human Resources,Human Resources,1,No,Travel_Rarely,25,3,3,4,3,8,7,5,3.25,High,0,Low,66.66666666666667,1
36,0,Research & Development,Manufacturing Director,2,No,Travel_Rarely,6,2,2,4,3,3,2,0,2.75,Moderate,0,Low,36.17152614957746,1
51,1,Research & Development,Manufacturing Director,3,No,Travel_Frequently,8,4,1,4,3,4,2,0,2.5,Moderate,0,Low,5.71909584179366,2
39,0,Sales,Sales Executive,2,No,Travel_Rarely,4,3,4,3,4,15,11,5,3.0,High,0,Low,61.50998205402495,1
25,0,Sales,Sales Executive,2,No,Travel_Rarely,28,3,1,4,3,2,2,2,2.5,Moderate,0,Low,16.1129507192139,1
30,0,Human Resources,Human Resources,2,Yes,Travel_Rarely,9,4,3,4,1,11,9,4,3.5,High,2,High,5.71909584179366,2
32,1,Research & Development,Laboratory Technician,1,No,Travel_Rarely,9,1,1,1,4,5,4,0,1.5,Low,0,Low,0.0,1
45,0,Research & Development,Research Scientist,1,No,Travel_Rarely,29,4,3,2,2,6,5,0,3.0,High,1,Medium,36.17152614957746,1
38,0,Research & Development,Research Scientist,2,Yes,Travel_Rarely,3,3,4,2,3,3,2,2,3.0,High,1,Medium,45.566894604818266,2
30,0,Research & Development,Research Scientist,1,No,Travel_Rarely,18,3,1,3,2,5,4,0,2.5,Moderate,1,Medium,36.17152614957746,1
32,0,Sales,Sales Executive,2,No,Travel_Frequently,9,4,4,4,4,8,7,0,3.25,High,0,Low,100.0,2
30,0,Research & Development,Research Scientist,1,No,Travel_Rarely,5,1,4,4,3,3,2,2,3.0,High,0,Low,5.71909584179366,1
30,0,Research & Development,Laboratory Technician,1,No,Travel_Rarely,2,4,2,4,3,5,3,1,3.0,High,0,Low,36.17152614957746,1
41,0,Research & Development,Manager,4,No,Travel_Frequently,10,1,4,2,2,7,6,7,2.25,Moderate,1,Medium,16.1129507192139,2
41,0,Research & Development,Laboratory Technician,1,No,Travel_Rarely,9,1,3,4,3,5,0,1,2.75,Moderate,0,Low,16.1129507192139,1
19,0,Research & Development,Laboratory Technician,1,No,Travel_Rarely,3,2,2,4,3,1,0,0,2.75,Moderate,0,Low,36.17152614957746,1
40,0,Research & Development,Research Scientist,2,No,Travel_Frequently,26,2,2,1,3,20,7,2,2.0,Moderate,0,Low,45.566894604818266,2
35,0,Sales,Sales Executive,3,No,Travel_Rarely,1,2,3,1,3,10,8,0,2.25,Moderate,0,Low,36.17152614957746,1
53,0,Sales,Sales Representative,2,Yes,Travel_Rarely,6,3,2,4,1,7,7,4,3.0,High,2,High,13.93370341761296,2
45,0,Research & Development,Laboratory Technician,2,No,Travel_Rarely,9,2,2,3,1,17,9,0,2.5,Moderate,1,Medium,45.566894604818266,1
32,0,Sales,Sales Executive,3,No,Travel_Frequently,8,4,2,4,3,9,8,3,3.25,High,0,Low,36.17152614957746,2
29,0,Research & Development,Manufacturing Director,2,No,Non-Travel,1,3,4,1,3,10,7,0,2.75,Moderate,0,Low,16.1129507192139,0
51,0,Research & Development,Manufacturing Director,2,No,Travel_Rarely,7,3,2,3,3,1,0,0,2.5,Moderate,0,Low,66.66666666666667,1
58,0,Research & Development,Research Scientist,1,Yes,Travel_Rarely,9,2,2,2,2,1,0,0,2.0,Moderate,2,High,100.0,2
40,0,Sales,Sales Executive,3,No,Travel_Rarely,4,4,3,1,2,12,11,2,2.5,Moderate,1,Medium,13.93370341761296,1
34,0,Sales,Sales Representative,1,No,Travel_Frequently,2,3,3,4,3,4,3,1,3.25,High,0,Low,66.66666666666667,2
22,0,Research & Development,Research Scientist,1,No,Travel_Rarely,19,4,3,1,3,2,2,2,2.75,Moderate,0,Low,16.1129507192139,1
27,0,Research & Development,Research Scientist,1,No,Non-Travel,9,2,4,4,1,2,2,2,3.25,High,1,Medium,0.0,0
28,0,Research & Development,Research Scientist,1,No,Travel_Rarely,21,4,3,3,1,5,2,0,3.25,High,1,Medium,16.1129507192139,1
57,0,Research & Development,Healthcare Representative,3,Yes,Travel_Rarely,24,4,3,2,1,5,3,1,3.25,High,2,High,13.93370341761296,2
27,0,Research & Development,Research Scientist,1,Yes,Non-Travel,3,3,3,4,2,1,1,0,3.0,High,2,High,45.566894604818266,1
50,0,Research & Development,Manager,5,No,Travel_Rarely,11,2,3,2,3,5,4,4,2.5,Moderate,0,Low,61.50998205402495,1
41,0,Research & Development,Research Scientist,1,No,Travel_Rarely,14,3,1,1,3,9,8,1,2.0,Moderate,0,Low,23.019964108049905,1
30,0,Sales,Sales Executive,3,No,Travel_Rarely,5,4,2,3,3,10,9,7,3.0,High,0,Low,45.566894604818266,1
38,0,Sales,Sales Executive,2,No,Travel_Rarely,1,4,1,3,4,8,3,0,2.5,Moderate,0,Low,5.71909584179366,1
32,0,Research & Development,Research Scientist,1,No,Travel_Rarely,6,3,3,1,3,5,4,1,2.5,Moderate,0,Low,33.33333333333334,1
27,0,Research & Development,Research Scientist,1,Yes,Travel_Rarely,17,2,3,4,2,5,2,1,3.0,High,2,High,36.17152614957746,2
19,1,Sales,Sales Representative,1,No,Travel_Frequently,1,1,3,1,4,0,0,0,1.5,Low,0,Low,0.0,2
36,0,Research & Development,Laboratory Technician,1,No,Travel_Frequently,3,2,4,3,2,8,7,7,3.0,High,1,Medium,36.17152614957746,2
30,0,Research & Development,Laboratory Technician,2,No,Non-Travel,9,1,3,3,3,12,9,6,2.5,Moderate,0,Low,33.33333333333334,0
45,0,Sales,Sales Executive,2,Yes,Travel_Rarely,4,1,3,1,4,5,4,0,2.0,Moderate,1,Medium,0.0,2
56,0,Research & Development,Research Scientist,1,Yes,Travel_Rarely,8,1,3,3,3,2,2,2,2.5,Moderate,1,Medium,33.33333333333334,2
33,0,Research & Development,Research Scientist,1,No,Travel_Rarely,2,4,3,1,4,3,1,0,2.75,Moderate,0,Low,5.71909584179366,1
19,1,Research & Development,Laboratory Technician,1,No,Travel_Rarely,2,4,2,3,2,1,0,1,2.75,Moderate,1,Medium,36.17152614957746,1
46,0,Sales,Sales Executive,3,No,Travel_Rarely,1,1,2,3,3,24,13,15,2.25,Moderate,0,Low,36.17152614957746,1
38,0,Research & Development,Laboratory Technician,1,No,Travel_Rarely,9,4,3,3,3,2,2,2,3.25,High,0,Low,66.66666666666667,1
31,0,Research & Development,Research Scientist,1,Yes,Travel_Rarely,12,4,3,3,3,4,2,0,3.25,High,1,Medium,66.66666666666667,2
34,0,Research & Development,Research Scientist,1,No,Travel_Rarely,27,2,4,4,3,3,2,1,3.25,High,0,Low,36.17152614957746,1
41,1,Sales,Sales Representative,1,Yes,Travel_Rarely,20,2,2,4,2,4,3,0,2.75,Moderate,2,High,33.33333333333334,2
50,0,Research & Development,Laboratory Technician,1,No,Travel_Rarely,1,3,3,4,2,3,2,0,3.0,High,1,Medium,45.566894604818266,1
53,0,Research & Development,Manufacturing Director,2,No,Travel_Rarely,13,1,4,3,3,4,2,1,3.0,High,0,Low,16.1129507192139,1
33,0,Research & Development,Research Scientist,1,No,Travel_Rarely,14,2,4,4,3,8,7,1,3.25,High,0,Low,36.17152614957746,1
40,0,Research & Development,Manager,5,No,Travel_Rarely,4,3,4,2,3,20,8,9,3.0,High,0,Low,45.566894604818266,1
55,0,Research & Development,Research Director,5,No,Travel_Rarely,14,2,3,4,3,24,15,2,3.25,High,0,Low,45.566894604818266,1
34,0,Research & Development,Manufacturing Director,2,No,Travel_Frequently,2,3,4,3,2,10,9,1,3.0,High,1,Medium,45.566894604818266,2
51,0,Research & Development,Healthcare Representative,4,No,Travel_Rarely,3,2,4,3,3,7,7,1,3.0,High,0,Low,45.566894604818266,1
52,0,Research & Development,Manager,5,No,Travel_Rarely,1,3,3,1,3,33,18,11,2.25,Moderate,0,Low,33.33333333333334,1
27,0,Research & Development,Research Scientist,1,No,Travel_Rarely,9,2,4,4,2,7,7,0,3.25,High,1,Medium,23.019964108049905,1
35,1,Research & Development,Manufacturing Director,2,Yes,Travel_Rarely,23,3,2,1,3,1,0,0,2.0,Moderate,1,Medium,36.17152614957746,2
43,0,Research & Development,Research Scientist,1,No,Non-Travel,7,4,4,4,4,5,4,2,4.0,High,0,Low,100.0,0
45,0,Research & Development,Manager,4,No,Non-Travel,2,4,1,4,3,20,8,11,2.75,Moderate,0,Low,5.71909584179366,0
37,0,Research & Development,Research Scientist,1,Yes,Travel_Rarely,21,1,2,1,2,8,7,1,2.0,Moderate,2,High,61.50998205402495,2
35,0,Research & Development,Laboratory Technician,2,No,Travel_Frequently,2,2,2,4,3,6,2,1,2.75,Moderate,0,Low,36.17152614957746,2
42,0,Research & Development,Manufacturing Director,2,No,Non-Travel,21,3,3,2,3,5,3,0,2.75,Moderate,0,Low,66.66666666666667,0
38,0,Research & Development,Manufacturing Director,2,No,Travel_Rarely,2,3,4,2,3,1,0,0,3.0,High,0,Low,45.566894604818266,1
38,0,Research & Development,Manufacturing Director,2,No,Travel_Rarely,29,4,4,1,1,7,7,1,3.0,High,1,Medium,0.0,1
27,0,Research & Development,Manufacturing Director,2,No,Travel_Frequently,1,1,3,3,3,2,2,2,2.25,Moderate,0,Low,33.33333333333334,2
49,0,Research & Development,Manufacturing Director,2,Yes,Non-Travel,18,4,4,1,3,7,7,1,3.0,High,1,Medium,5.71909584179366,1
34,0,Research & Development,Research Scientist,1,Yes,Travel_Frequently,10,3,4,4,4,5,3,2,3.5,High,1,Medium,66.66666666666667,3
40,0,Research & Development,Laboratory Technician,2,Yes,Travel_Rarely,19,4,3,3,4,7,2,3,3.25,High,1,Medium,61.50998205402495,2
38,1,Research & Development,Healthcare Representative,2,Yes,Travel_Rarely,29,1,2,2,3,1,0,0,2.0,Moderate,1,Medium,45.566894604818266,2
29,1,Sales,Sales Executive,3,No,Travel_Rarely,27,4,2,4,2,10,4,1,3.25,High,1,Medium,23.019964108049905,1
22,0,Research & Development,Research Scientist,1,Yes,Travel_Rarely,5,2,4,1,2,4,2,2,2.75,Moderate,2,High,16.1129507192139,2
36,0,Research & Development,Laboratory Technician,1,No,Travel_Frequently,18,4,2,1,3,8,1,1,2.5,Moderate,0,Low,13.93370341761296,2
40,0,Research & Development,Healthcare Representative,2,No,Non-Travel,9,4,4,4,1,3,2,0,3.5,High,1,Medium,0.0,0
46,0,Research & Development,Healthcare Representative,3,No,Travel_Rarely,1,1,4,3,3,4,2,0,2.75,Moderate,0,Low,16.1129507192139,1
32,1,Sales,Sales Executive,3,No,Travel_Rarely,4,4,4,3,2,14,8,9,3.0,High,1,Medium,36.17152614957746,1
30,0,Research & Development,Manufacturing Director,3,No,Non-Travel,1,3,3,3,3,11,8,5,2.75,Moderate,0,Low,100.0,0
27,0,Sales,Sales Executive,2,No,Travel_Frequently,20,3,4,4,3,7,7,0,3.5,High,0,Low,61.50998205402495,2
51,0,Research & Development,Research Director,3,No,Travel_Rarely,8,2,2,4,1,10,9,4,2.5,Moderate,1,Medium,16.1129507192139,1
30,1,Research & Development,Research Scientist,1,Yes,Travel_Rarely,3,1,4,3,3,5,2,0,2.75,Moderate,1,Medium,16.1129507192139,2
41,0,Sales,Manager,3,Yes,Travel_Rarely,6,4,4,3,3,1,0,0,3.5,High,1,Medium,61.50998205402495,2
30,1,Sales,Sales Executive,2,No,Travel_Frequently,26,1,3,3,2,6,3,0,2.25,Moderate,1,Medium,36.17152614957746,2
29,1,Research & Development,Research Scientist,1,No,Travel_Rarely,1,3,3,4,2,6,2,1,3.25,High,1,Medium,45.566894604818266,1
45,0,Sales,Sales Executive,3,No,Non-Travel,6,4,4,4,3,19,7,12,3.5,High,0,Low,66.66666666666667,0
54,0,Sales,Sales Executive,2,No,Travel_Rarely,3,1,4,4,3,6,2,0,3.0,High,0,Low,5.71909584179366,1
36,0,Research & Development,Laboratory Technician,2,No,Travel_Rarely,5,2,4,4,4,13,11,3,3.25,High,0,Low,33.33333333333334,1
33,0,Research & Development,Research Scientist,1,No,Travel_Rarely,4,2,3,4,3,3,2,1,2.75,Moderate,0,Low,45.566894604818266,1
37,0,Research & Development,Research Director,3,Yes,Travel_Frequently,11,4,2,3,3,10,8,0,3.0,High,1,Medium,45.566894604818266,3
38,0,Sales,Sales Executive,3,No,Travel_Rarely,3,3,1,3,2,16,10,5,2.5,Moderate,1,Medium,36.17152614957746,1
31,0,Research & Development,Manufacturing Director,2,No,Non-Travel,1,3,3,4,3,5,4,1,2.75,Moderate,0,Low,66.66666666666667,0
59,0,Research & Development,Research Scientist,1,No,Travel_Rarely,3,4,3,1,3,1,0,0,2.5,Moderate,0,Low,16.1129507192139,1
37,0,Sales,Sales Representative,1,No,Travel_Frequently,4,4,1,3,3,9,8,5,2.75,Moderate,0,Low,16.1129507192139,2
29,0,Sales,Sales Executive,3,No,Travel_Frequently,1,4,2,4,3,11,10,4,3.25,High,0,Low,36.17152614957746,2
35,0,Sales,Sales Executive,3,No,Travel_Frequently,1,3,3,1,4,10,7,0,2.5,Moderate,0,Low,16.1129507192139,2
29,1,Research & Development,Research Scientist,1,Yes,Travel_Rarely,18,4,3,3,2,4,3,0,3.0,High,2,High,45.566894604818266,2
52,0,Research & Development,Laboratory Technician,1,No,Travel_Rarely,2,4,3,2,2,2,2,2,2.75,Moderate,1,Medium,36.17152614957746,1
42,0,Research & Development,Manager,5,No,Travel_Rarely,4,4,3,4,3,22,17,11,3.5,High,0,Low,61.50998205402495,1
59,0,Human Resources,Human Resources,1,No,Travel_Rarely,6,3,2,4,2,2,2,2,3.0,High,1,Medium,36.17152614957746,1
50,0,Sales,Manager,5,No,Travel_Rarely,1,4,4,3,2,7,0,0,3.5,High,1,Medium,36.17152614957746,1
33,1,Research & Development,Laboratory Technician,1,Yes,Travel_Rarely,14,4,3,3,1,5,4,0,3.25,High,2,High,16.1129507192139,2
43,0,Sales,Manager,4,Yes,Travel_Rarely,16,4,4,3,3,17,13,1,3.5,High,1,Medium,61.50998205402495,2
33,1,Research & Development,Laboratory Technician,1,No,Travel_Rarely,2,1,1,1,4,9,7,1,1.5,Low,0,Low,0.0,1
52,0,Sales,Manager,5,Yes,Non-Travel,2,3,1,4,4,33,7,15,2.5,Moderate,1,Medium,5.71909584179366,1
32,0,Sales,Sales Representative,1,No,Travel_Rarely,4,2,3,1,3,4,3,1,2.25,Moderate,0,Low,36.17152614957746,1
32,1,Research & Development,Laboratory Technician,1,Yes,Travel_Rarely,1,3,4,4,1,3,2,1,3.25,High,2,High,5.71909584179366,2
39,0,Research & Development,Laboratory Technician,1,No,Travel_Rarely,1,3,3,3,3,3,2,1,3.0,High,0,Low,100.0,1
32,0,Sales,Sales Executive,2,No,Non-Travel,26,4,3,1,3,3,2,2,2.75,Moderate,0,Low,16.1129507192139,0
41,0,Research & Development,Research Scientist,2,No,Travel_Rarely,19,1,3,1,2,1,0,0,2.0,Moderate,1,Medium,36.17152614957746,1
40,0,Research & Development,Research Scientist,2,No,Travel_Rarely,24,4,1,1,3,9,8,4,2.25,Moderate,0,Low,0.0,1
45,0,Research & Development,Manager,5,No,Travel_Rarely,1,4,3,3,3,24,0,1,3.5,High,0,Low,66.66666666666667,1
31,0,Research & Development,Research Director,3,No,Travel_Frequently,3,3,2,1,3,2,2,2,2.25,Moderate,0,Low,36.17152614957746,2
33,0,Research & Development,Research Scientist,1,No,Travel_Rarely,5,4,3,3,2,2,2,0,3.0,High,1,Medium,45.566894604818266,1
34,0,Research & Development,Manufacturing Director,2,No,Travel_Rarely,2,1,4,2,3,11,9,5,2.25,Moderate,0,Low,13.93370341761296,1
37,0,Research & Development,Research Scientist,1,No,Travel_Rarely,1,1,3,1,2,3,1,0,1.75,Low,1,Medium,36.17152614957746,1
45,0,Research & Development,Manufacturing Director,2,No,Travel_Frequently,7,3,1,4,3,3,2,0,3.0,High,0,Low,16.1129507192139,2
37,1,Research & Development,Manufacturing Director,3,No,Travel_Frequently,10,3,1,2,3,1,0,0,2.25,Moderate,0,Low,36.17152614957746,2
39,0,Research & Development,Healthcare Representative,3,No,Travel_Frequently,2,3,3,4,3,19,6,11,3.25,High,0,Low,66.66666666666667,2
29,0,Research & Development,Research Scientist,1,No,Travel_Rarely,15,4,3,1,3,6,5,1,2.75,Moderate,0,Low,16.1129507192139,1
42,0,Research & Development,Research Scientist,2,Yes,Travel_Rarely,17,1,4,3,3,3,2,0,3.0,High,1,Medium,16.1129507192139,2
29,0,Sales,Sales Executive,2,No,Travel_Rarely,20,4,4,4,3,3,2,0,3.75,High,0,Low,66.66666666666667,1
25,0,Research & Development,Manufacturing Director,2,No,Travel_Rarely,1,3,1,4,3,4,2,1,2.75,Moderate,0,Low,16.1129507192139,1
42,0,Research & Development,Laboratory Technician,1,Yes,Travel_Rarely,2,1,4,3,3,9,6,7,2.5,Moderate,1,Medium,16.1129507192139,2
40,0,Research & Development,Research Director,5,No,Travel_Rarely,2,3,1,4,3,21,7,3,2.75,Moderate,0,Low,16.1129507192139,1
51,0,Research & Development,Research Scientist,1,No,Travel_Rarely,1,4,3,2,2,1,0,0,3.0,High,1,Medium,36.17152614957746,1
31,1,Research & Development,Laboratory Technician,1,No,Travel_Frequently,29,2,3,2,4,5,4,1,2.25,Moderate,0,Low,36.17152614957746,2
32,0,Research & Development,Laboratory Technician,1,No,Travel_Frequently,7,2,2,3,1,5,1,0,2.75,Moderate,1,Medium,45.566894604818266,2
38,0,Sales,Sales Executive,2,No,Non-Travel,2,4,4,4,3,8,7,7,3.5,High,0,Low,66.66666666666667,0
32,0,Research & Development,Laboratory Technician,2,No,Travel_Rarely,2,1,4,4,3,6,2,0,2.75,Moderate,0,Low,5.71909584179366,1
46,0,Sales,Manager,4,Yes,Travel_Rarely,2,2,3,2,2,7,7,7,2.0,Moderate,2,High,66.66666666666667,2
28,1,Research & Development,Laboratory Technician,1,No,Travel_Rarely,2,3,1,3,1,0,0,0,2.5,Moderate,1,Medium,23.019964108049905,1
29,0,Sales,Sales Executive,2,No,Travel_Rarely,2,2,1,2,3,0,0,0,1.75,Low,0,Low,45.566894604818266,1
31,0,Research & Development,Healthcare Representative,2,No,Travel_Rarely,23,4,2,2,3,9,0,7,2.5,Moderate,0,Low,36.17152614957746,1
25,0,Research & Development,Healthcare Representative,2,No,Non-Travel,5,1,2,4,3,6,3,1,2.75,Moderate,0,Low,13.93370341761296,0
45,0,Research & Development,Healthcare Representative,4,Yes,Travel_Rarely,20,4,3,2,3,20,7,4,3.0,High,1,Medium,45.566894604818266,2
36,0,Research & Development,Laboratory Technician,1,No,Travel_Rarely,6,4,4,3,3,15,13,10,3.5,High,0,Low,61.50998205402495,1
55,0,Research & Development,Manager,5,Yes,Travel_Rarely,1,1,4,3,3,36,10,4,2.75,Moderate,1,Medium,16.1129507192139,2
47,1,Research & Development,Manager,3,Yes,Non-Travel,29,2,1,4,2,10,7,9,2.5,Moderate,2,High,16.1129507192139,1
28,0,Research & Development,Research Scientist,1,No,Travel_Rarely,9,4,4,4,2,5,2,0,3.75,High,1,Medium,33.33333333333334,1
37,0,Sales,Sales Executive,2,No,Travel_Rarely,6,4,3,2,4,5,4,0,3.0,High,0,Low,36.17152614957746,1
21,0,Research & Development,Research Scientist,1,No,Travel_Rarely,3,3,4,1,4,3,2,1,2.5,Moderate,0,Low,5.71909584179366,1
37,0,Research & Development,Research Director,3,Yes,Non-Travel,1,4,1,1,3,5,2,0,2.25,Moderate,1,Medium,0.0,1
35,0,Research & Development,Manager,3,No,Travel_Rarely,22,2,2,2,2,7,7,6,2.5,Moderate,1,Medium,100.0,1
38,0,Sales,Sales Executive,2,Yes,Travel_Rarely,7,1,1,3,3,8,0,7,2.25,Moderate,1,Medium,23.019964108049905,2
26,0,Research & Development,Manufacturing Director,2,No,Travel_Frequently,1,2,3,1,1,6,5,1,2.25,Moderate,1,Medium,36.17152614957746,2
50,0,Research & Development,Research Director,5,No,Travel_Rarely,4,2,1,1,2,10,4,1,1.75,Low,1,Medium,61.50998205402495,1
53,0,Research & Development,Research Director,4,Yes,Travel_Rarely,3,3,3,4,2,5,3,1,3.25,High,2,High,45.566894604818266,2
42,0,Sales,Sales Executive,2,No,Travel_Rarely,1,3,2,3,3,20,16,11,2.75,Moderate,0,Low,66.66666666666667,1
29,0,Sales,Sales Executive,2,No,Travel_Frequently,2,4,2,1,2,10,7,0,2.5,Moderate,1,Medium,16.1129507192139,2
55,0,Research & Development,Laboratory Technician,2,Yes,Travel_Rarely,20,4,2,4,3,10,7,0,3.25,High,1,Medium,36.17152614957746,2
26,0,Research & Development,Healthcare Representative,2,Yes,Travel_Frequently,11,1,1,3,3,5,3,3,2.0,Moderate,1,Medium,23.019964108049905,3
37,0,Research & Development,Research Scientist,1,No,Travel_Rarely,1,4,4,2,3,17,12,5,3.25,High,0,Low,36.17152614957746,1
44,1,Research & Development,Laboratory Technician,1,Yes,Travel_Frequently,24,3,4,4,1,1,0,0,3.5,High,2,High,5.71909584179366,3
38,0,Research & Development,Healthcare Representative,2,No,Travel_Rarely,23,4,4,2,3,2,2,1,3.25,High,0,Low,36.17152614957746,1
26,1,Research & Development,Laboratory Technician,1,Yes,Travel_Rarely,16,2,1,4,3,3,2,0,2.5,Moderate,1,Medium,13.93370341761296,2
28,0,Research & Development,Research Scientist,1,No,Travel_Rarely,8,4,4,4,3,5,3,0,3.75,High,0,Low,66.66666666666667,1
49,0,Research & Development,Research Director,5,Yes,Travel_Frequently,10,1,3,4,3,3,2,1,2.75,Moderate,1,Medium,16.1129507192139,3
36,0,Research & Development,Research Scientist,2,No,Travel_Rarely,3,2,3,4,3,8,0,7,3.0,High,0,Low,45.566894604818266,1
31,0,Sales,Sales Representative,1,No,Travel_Frequently,5,2,4,3,2,2,2,2,3.0,High,1,Medium,36.17152614957746,2
26,1,Sales,Sales Executive,2,Yes,Travel_Rarely,4,4,4,2,3,8,7,7,3.0,High,1,Medium,36.17152614957746,2
37,0,Research & Development,Research Scientist,1,Yes,Travel_Frequently,9,4,2,3,2,4,2,1,3.0,High,2,High,36.17152614957746,3
42,0,Sales,Sales Executive,4,No,Travel_Frequently,26,2,3,4,4,20,4,4,3.0,High,0,Low,36.17152614957746,2
18,1,Research & Development,Laboratory Technician,1,No,Travel_Rarely,3,3,3,3,3,0,0,0,3.0,High,0,Low,100.0,1
35,0,Sales,Sales Executive,3,No,Travel_Rarely,16,2,3,3,2,11,9,6,2.75,Moderate,1,Medium,61.50998205402495,1
36,0,Research & Development,Laboratory Technician,1,No,Travel_Frequently,18,4,3,4,3,1,0,0,3.75,High,0,Low,61.50998205402495,2
51,0,Research & Development,Manufacturing Director,2,No,Travel_Rarely,2,2,4,4,3,4,1,1,2.75,Moderate,0,Low,36.17152614957746,1
41,0,Sales,Manager,4,No,Travel_Rarely,2,2,4,2,3,22,10,0,2.75,Moderate,0,Low,36.17152614957746,1
18,0,Sales,Sales Representative,1,No,Travel_Rarely,10,3,4,1,3,0,0,0,2.5,Moderate,0,Low,16.1129507192139,1
28,0,Research & Development,Healthcare Representative,2,No,Travel_Rarely,16,1,2,3,3,8,3,0,2.5,Moderate,0,Low,36.17152614957746,1
31,0,Sales,Sales Executive,2,No,Travel_Rarely,7,4,2,2,2,8,7,7,3.0,High,1,Medium,33.33333333333334,1
39,0,Research & Development,Healthcare Representative,3,No,Travel_Rarely,1,4,3,1,2,18,10,3,3.0,High,1,Medium,13.93370341761296,1
36,0,Research & Development,Laboratory Technician,2,No,Non-Travel,24,2,2,3,3,9,8,0,2.5,Moderate,0,Low,61.50998205402495,0
32,0,Sales,Sales Executive,2,No,Travel_Rarely,7,3,4,3,2,13,8,4,3.0,High,1,Medium,45.566894604818266,1
38,0,Research & Development,Research Director,3,No,Travel_Rarely,25,2,1,3,3,10,8,0,2.0,Moderate,0,Low,36.17152614957746,1
58,0,Research & Development,Healthcare Representative,2,Yes,Non-Travel,1,3,4,4,3,5,3,1,3.0,High,1,Medium,61.50998205402495,1
31,0,Research & Development,Research Scientist,1,Yes,Travel_Rarely,5,4,3,3,3,5,2,0,3.25,High,1,Medium,66.66666666666667,2
31,0,Human Resources,Human Resources,2,No,Travel_Rarely,2,1,1,4,3,2,2,1,2.0,Moderate,0,Low,0.0,1
45,0,Research & Development,Laboratory Technician,3,No,Travel_Frequently,7,1,1,1,3,24,9,9,1.5,Low,0,Low,33.33333333333334,2
31,0,Research & Development,Research Scientist,1,Yes,Travel_Rarely,2,4,3,2,1,2,2,2,3.0,High,2,High,13.93370341761296,2
33,0,Research & Development,Manager,3,No,Travel_Frequently,5,2,4,2,3,10,6,8,2.75,Moderate,0,Low,36.17152614957746,2
39,0,Research & Development,Manager,4,Yes,Travel_Rarely,10,1,3,4,3,21,9,11,2.75,Moderate,1,Medium,16.1129507192139,2
43,0,Research & Development,Laboratory Technician,1,No,Travel_Frequently,10,4,3,1,3,8,7,1,2.75,Moderate,0,Low,16.1129507192139,2
49,0,Research & Development,Healthcare Representative,4,Yes,Travel_Rarely,1,3,3,4,3,7,1,0,3.0,High,1,Medium,66.66666666666667,2
52,1,Research & Development,Research Scientist,2,No,Travel_Rarely,8,2,3,1,2,8,2,7,2.0,Moderate,1,Medium,45.566894604818266,1
27,0,Research & Development,Research Scientist,1,Yes,Travel_Rarely,5,2,3,2,2,4,3,1,2.5,Moderate,2,High,66.66666666666667,2
32,0,Sales,Sales Executive,2,Yes,Travel_Rarely,8,2,3,4,3,13,12,11,2.75,Moderate,1,Medium,45.566894604818266,2
27,0,Sales,Sales Executive,2,Yes,Travel_Rarely,2,3,4,1,3,5,4,0,2.75,Moderate,1,Medium,16.1129507192139,2
31,0,Sales,Sales Executive,2,No,Travel_Rarely,7,4,4,4,3,7,7,1,3.75,High,0,Low,66.66666666666667,1
32,0,Research & Development,Research Scientist,2,No,Travel_Rarely,2,4,1,3,2,7,7,0,3.0,High,1,Medium,13.93370341761296,1
28,1,Research & Development,Research Scientist,1,Yes,Travel_Rarely,2,4,1,4,2,3,2,2,2.5,Moderate,2,High,0.0,2
30,0,Research & Development,Research Scientist,2,No,Travel_Rarely,28,4,4,4,3,10,8,1,3.75,High,0,Low,66.66666666666667,1
31,0,Research & Development,Manufacturing Director,3,No,Travel_Frequently,7,3,3,1,3,10,9,8,2.25,Moderate,0,Low,33.33333333333334,2
39,0,Research & Development,Manager,5,No,Travel_Frequently,7,4,3,1,3,21,9,13,2.5,Moderate,0,Low,16.1129507192139,2
39,1,Sales,Sales Executive,2,Yes,Travel_Rarely,3,3,4,1,2,1,0,0,2.75,Moderate,2,High,13.93370341761296,2
33,0,Sales,Sales Executive,2,No,Travel_Frequently,10,4,2,3,2,7,7,0,2.75,Moderate,1,Medium,36.17152614957746,2
47,0,Research & Development,Research Director,5,No,Travel_Rarely,5,3,4,2,3,3,2,1,3.0,High,0,Low,45.566894604818266,1
43,0,Research & Development,Laboratory Technician,2,No,Travel_Frequently,10,3,3,2,4,9,7,0,2.5,Moderate,0,Low,45.566894604818266,2
27,0,Sales,Sales Executive,2,Yes,Non-Travel,1,2,3,4,3,5,4,1,3.0,High,1,Medium,45.566894604818266,1
54,0,Research & Development,Research Scientist,2,No,Travel_Frequently,20,3,4,4,2,4,3,0,3.5,High,1,Medium,36.17152614957746,2
43,0,Research & Development,Healthcare Representative,3,No,Travel_Rarely,7,1,3,1,2,1,0,0,2.0,Moderate,1,Medium,36.17152614957746,1
45,0,Research & Development,Research Scientist,2,No,Travel_Rarely,8,4,4,1,3,10,9,9,3.0,High,0,Low,5.71909584179366,1
40,0,Sales,Sales Executive,2,Yes,Travel_Rarely,1,4,2,3,2,4,3,0,2.5,Moderate,2,High,36.17152614957746,2
29,1,Research & Development,Laboratory Technician,1,Yes,Travel_Rarely,8,1,2,4,2,7,7,0,2.0,Moderate,2,High,16.1129507192139,2
29,0,Research & Development,Laboratory Technician,1,No,Travel_Rarely,9,4,2,3,3,3,2,2,2.75,Moderate,0,Low,45.566894604818266,1
30,0,Sales,Sales Executive,2,No,Travel_Rarely,5,3,4,3,3,10,9,1,3.0,High,0,Low,66.66666666666667,1
27,0,Sales,Sales Executive,2,No,Travel_Rarely,8,2,2,1,3,8,7,0,2.0,Moderate,0,Low,45.566894604818266,1
37,0,Research & Development,Manufacturing Director,2,No,Travel_Rarely,5,4,4,3,2,6,2,0,3.5,High,1,Medium,36.17152614957746,1
38,0,Research & Development,Research Director,3,Yes,Travel_Rarely,15,4,3,2,3,11,10,2,2.75,Moderate,1,Medium,45.566894604818266,2
31,0,Research & Development,Manufacturing Director,3,Yes,Travel_Rarely,7,4,3,3,2,11,9,4,3.25,High,2,High,45.566894604818266,2
29,0,Sales,Sales Executive,2,Yes,Travel_Rarely,10,2,4,1,3,7,7,1,2.25,Moderate,1,Medium,13.93370341761296,2
35,0,Research & Development,Manufacturing Director,3,No,Travel_Rarely,5,2,3,4,3,16,6,0,3.0,High,0,Low,45.566894604818266,1
23,0,Research & Development,Research Scientist,1,No,Travel_Rarely,26,4,3,3,2,4,2,0,3.25,High,1,Medium,45.566894604818266,1
41,0,Research & Development,Manufacturing Director,2,Yes,Travel_Rarely,6,2,4,4,3,5,4,1,3.0,High,1,Medium,36.17152614957746,2
47,0,Sales,Sales Representative,2,No,Travel_Frequently,4,3,2,1,3,0,0,0,2.25,Moderate,0,Low,36.17152614957746,2
42,0,Research & Development,Research Director,4,No,Travel_Rarely,23,4,1,2,3,1,0,0,2.5,Moderate,0,Low,13.93370341761296,1
29,0,Sales,Sales Executive,2,No,Non-Travel,2,3,4,1,2,4,3,0,2.75,Moderate,1,Medium,13.93370341761296,0
42,0,Human Resources,Human Resources,1,Yes,Travel_Rarely,2,3,3,3,3,3,2,1,3.0,High,1,Medium,100.0,2
32,0,Research & Development,Laboratory Technician,1,No,Travel_Rarely,2,2,3,3,3,8,0,0,2.75,Moderate,0,Low,66.66666666666667,1
48,0,Sales,Manager,3,No,Travel_Rarely,29,3,1,2,1,0,0,0,2.25,Moderate,1,Medium,36.17152614957746,1
37,0,Research & Development,Research Scientist,2,Yes,Travel_Rarely,6,1,3,1,3,7,7,6,2.25,Moderate,1,Medium,23.019964108049905,2
30,0,Sales,Sales Executive,2,Yes,Non-Travel,25,3,4,2,4,2,2,2,3.0,High,1,Medium,36.17152614957746,1
26,0,Sales,Sales Executive,2,No,Travel_Rarely,1,3,3,2,3,8,7,7,2.75,Moderate,0,Low,66.66666666666667,1
42,0,Research & Development,Healthcare Representative,2,No,Travel_Rarely,2,4,1,2,3,1,0,0,2.25,Moderate,0,Low,13.93370341761296,1
21,1,Sales,Sales Representative,1,Yes,Travel_Frequently,1,2,1,3,3,3,2,1,2.0,Moderate,1,Medium,36.17152614957746,3
36,0,Sales,Sales Executive,2,No,Non-Travel,1,4,4,2,3,1,0,0,3.25,High,0,Low,36.17152614957746,0
36,0,Sales,Sales Executive,3,No,Travel_Frequently,3,4,1,1,3,13,9,1,2.0,Moderate,0,Low,0.0,2
57,0,Research & Development,Healthcare Representative,2,No,Travel_Rarely,1,3,4,3,3,3,2,1,3.25,High,0,Low,66.66666666666667,1
40,0,Research & Development,Laboratory Technician,1,Yes,Travel_Rarely,10,3,4,3,3,7,7,1,3.5,High,1,Medium,66.66666666666667,2
21,0,Sales,Sales Representative,1,No,Non-Travel,9,4,1,3,2,3,2,2,2.75,Moderate,1,Medium,13.93370341761296,0
33,1,Sales,Sales Representative,1,Yes,Travel_Rarely,5,3,4,2,3,1,0,0,3.0,High,1,Medium,45.566894604818266,2
37,0,Research & Development,Laboratory Technician,1,No,Travel_Rarely,10,1,3,2,3,5,4,0,2.25,Moderate,0,Low,36.17152614957746,1
46,0,Research & Development,Manufacturing Director,2,No,Non-Travel,7,3,3,3,4,1,0,0,3.0,High,0,Low,66.66666666666667,0
41,1,Sales,Sales Executive,2,No,Travel_Frequently,4,2,1,3,3,8,7,7,2.25,Moderate,0,Low,36.17152614957746,2
50,0,Research & Development,Healthcare Representative,3,No,Travel_Rarely,10,4,4,4,3,4,3,1,3.5,High,0,Low,66.66666666666667,1
40,1,Sales,Sales Executive,2,Yes,Travel_Rarely,22,3,3,1,3,6,4,1,2.25,Moderate,1,Medium,33.33333333333334,2
31,0,Research & Development,Research Scientist,1,Yes,Travel_Rarely,9,2,3,4,3,2,2,2,2.75,Moderate,1,Medium,45.566894604818266,2
21,1,Sales,Sales Representative,1,No,Travel_Rarely,12,2,3,4,3,1,0,0,3.25,High,0,Low,45.566894604818266,1
29,0,Research & Development,Research Scientist,1,No,Travel_Rarely,23,4,4,4,3,3,2,1,3.75,High,0,Low,66.66666666666667,1
35,0,Research & Development,Healthcare Representative,2,No,Travel_Rarely,9,2,3,3,3,1,1,0,2.5,Moderate,0,Low,66.66666666666667,1
27,0,Research & Development,Laboratory Technician,1,No,Travel_Rarely,1,2,4,2,3,5,2,0,2.75,Moderate,0,Low,36.17152614957746,1
28,0,Sales,Sales Executive,2,No,Travel_Rarely,9,4,2,4,3,7,5,0,3.25,High,0,Low,36.17152614957746,1
49,0,Research & Development,Healthcare Representative,3,No,Travel_Rarely,7,3,2,3,3,5,2,0,2.5,Moderate,0,Low,66.66666666666667,1
51,0,Sales,Sales Executive,2,No,Travel_Rarely,14,4,3,3,2,7,7,0,3.25,High,1,Medium,45.566894604818266,1
36,0,Research & Development,Research Scientist,1,No,Travel_Rarely,2,3,4,2,3,2,2,2,3.0,High,0,Low,45.566894604818266,1
34,1,Sales,Sales Executive,2,Yes,Non-Travel,19,4,1,2,2,5,2,0,2.75,Moderate,2,High,16.1129507192139,1
55,0,Research & Development,Manager,4,Yes,Travel_Rarely,2,4,3,3,3,5,4,1,3.25,High,1,Medium,66.66666666666667,2
24,0,Sales,Sales Executive,2,Yes,Travel_Rarely,10,3,4,4,4,5,2,0,3.5,High,1,Medium,66.66666666666667,2
30,0,Sales,Sales Representative,1,No,Travel_Rarely,2,2,3,1,3,1,0,0,2.25,Moderate,0,Low,36.17152614957746,1
26,1,Research & Development,Research Scientist,1,No,Travel_Frequently,3,1,3,3,3,6,4,0,2.5,Moderate,0,Low,33.33333333333334,2
22,0,Research & Development,Research Scientist,1,No,Travel_Rarely,11,2,1,4,3,2,1,1,2.5,Moderate,0,Low,13.93370341761296,1
36,0,Sales,Sales Executive,3,No,Travel_Rarely,2,3,2,2,3,10,9,9,2.25,Moderate,0,Low,61.50998205402495,1
30,1,Research & Development,Research Scientist,1,Yes,Travel_Frequently,4,4,3,3,3,1,0,0,3.25,High,1,Medium,66.66666666666667,3
37,0,Research & Development,Laboratory Technician,1,No,Travel_Rarely,14,1,4,3,2,18,7,12,2.75,Moderate,1,Medium,13.93370341761296,1
40,0,Sales,Sales Executive,2,No,Travel_Rarely,2,2,4,3,3,5,4,1,3.0,High,0,Low,45.566894604818266,1
42,0,Research & Development,Laboratory Technician,1,No,Travel_Rarely,1,1,2,2,3,5,2,1,2.0,Moderate,0,Low,45.566894604818266,1
37,0,Research & Development,Manufacturing Director,2,Yes,Travel_Rarely,10,2,3,4,2,1,0,0,3.0,High,2,High,36.17152614957746,2
43,0,Research & Development,Research Director,4,No,Travel_Rarely,12,2,1,3,3,25,10,3,2.0,Moderate,0,Low,36.17152614957746,1
40,0,Research & Development,Laboratory Technician,2,No,Travel_Rarely,2,3,2,2,3,1,0,0,2.25,Moderate,0,Low,61.50998205402495,1
54,0,Research & Development,Research Director,5,No,Travel_Rarely,5,1,1,3,2,4,2,1,2.0,Moderate,1,Medium,36.17152614957746,1
34,0,Sales,Sales Executive,2,No,Non-Travel,4,3,3,1,3,3,2,1,2.5,Moderate,0,Low,33.33333333333334,0
31,0,Research & Development,Manufacturing Director,2,No,Travel_Rarely,7,1,2,2,1,13,10,3,2.0,Moderate,1,Medium,61.50998205402495,1
43,0,Research & Development,Laboratory Technician,1,No,Travel_Frequently,21,4,4,1,3,3,2,1,3.0,High,0,Low,5.71909584179366,2
43,0,Research & Development,Healthcare Representative,2,Yes,Travel_Rarely,8,3,3,4,3,5,2,0,3.25,High,1,Medium,66.66666666666667,2
25,0,Sales,Sales Executive,2,Yes,Travel_Rarely,4,4,2,2,3,5,4,1,2.5,Moderate,1,Medium,36.17152614957746,2
37,0,Research & Development,Research Scientist,2,Yes,Non-Travel,25,3,2,1,3,13,11,10,2.25,Moderate,1,Medium,36.17152614957746,1
31,0,Research & Development,Laboratory Technician,1,No,Travel_Rarely,1,1,4,3,3,4,2,3,2.5,Moderate,0,Low,16.1129507192139,1
39,0,Research & Development,Manager,5,Yes,Travel_Frequently,1,3,2,3,3,21,8,1,2.75,Moderate,1,Medium,66.66666666666667,3
56,0,Sales,Sales Executive,4,No,Travel_Frequently,6,1,3,4,2,7,7,7,3.0,High,1,Medium,13.93370341761296,2
30,0,Sales,Sales Executive,2,No,Travel_Rarely,12,3,2,2,3,5,4,4,2.5,Moderate,0,Low,61.50998205402495,1
41,0,Sales,Sales Executive,3,No,Travel_Rarely,1,1,2,3,3,10,7,0,2.5,Moderate,0,Low,36.17152614957746,1
28,0,Research & Development,Laboratory Technician,2,No,Travel_Rarely,17,1,3,4,3,10,0,1,2.75,Moderate,0,Low,16.1129507192139,1
25,1,Research & Development,Laboratory Technician,1,No,Travel_Rarely,3,1,1,3,3,2,2,0,2.0,Moderate,0,Low,23.019964108049905,1
52,0,Research & Development,Manufacturing Director,3,Yes,Travel_Rarely,3,3,4,3,3,5,4,0,3.0,High,1,Medium,66.66666666666667,2
45,0,Research & Development,Research Scientist,1,No,Travel_Rarely,10,4,1,4,2,2,2,0,3.0,High,1,Medium,0.0,1
52,0,Research & Development,Manager,4,No,Travel_Rarely,4,4,4,4,1,5,2,1,3.75,High,1,Medium,0.0,1
42,0,Research & Development,Research Scientist,2,No,Travel_Frequently,29,3,1,2,3,5,4,0,2.25,Moderate,0,Low,36.17152614957746,2
30,0,Research & Development,Manufacturing Director,2,No,Travel_Rarely,2,4,3,3,3,5,4,0,2.75,Moderate,0,Low,66.66666666666667,1
60,0,Research & Development,Manager,5,No,Travel_Rarely,7,1,1,4,1,29,8,11,2.25,Moderate,1,Medium,0.0,1
46,0,Research & Development,Manufacturing Director,2,No,Travel_Rarely,18,3,3,3,2,10,7,0,3.0,High,1,Medium,66.66666666666667,1
42,0,Research & Development,Healthcare Representative,2,No,Travel_Frequently,28,4,4,4,4,6,5,0,3.5,High,0,Low,100.0,2
24,1,Sales,Sales Representative,1,Yes,Travel_Rarely,1,2,1,2,3,5,3,1,2.0,Moderate,1,Medium,45.566894604818266,2
34,1,Sales,Sales Representative,1,No,Travel_Frequently,6,3,4,4,2,2,2,1,3.0,High,1,Medium,36.17152614957746,2
38,0,Research & Development,Laboratory Technician,1,Yes,Travel_Frequently,2,4,4,3,3,1,0,0,3.5,High,1,Medium,61.50998205402495,3
40,0,Sales,Manager,5,No,Travel_Rarely,2,3,3,4,3,20,15,1,3.25,High,0,Low,66.66666666666667,1
26,0,Research & Development,Research Scientist,1,No,Travel_Rarely,23,4,1,2,1,3,2,0,2.5,Moderate,1,Medium,5.71909584179366,1
30,0,Research & Development,Laboratory Technician,1,No,Non-Travel,3,4,3,3,1,5,3,1,3.25,High,1,Medium,16.1129507192139,0
29,0,Research & Development,Research Director,3,No,Travel_Rarely,3,3,2,3,3,10,2,0,2.5,Moderate,0,Low,66.66666666666667,1
29,1,Research & Development,Research Scientist,1,No,Travel_Rarely,25,2,3,2,4,2,2,1,2.25,Moderate,0,Low,36.17152614957746,1
19,1,Human Resources,Human Resources,1,No,Travel_Rarely,2,4,1,3,4,1,0,0,2.5,Moderate,0,Low,5.71909584179366,1
30,0,Sales,Sales Executive,3,No,Non-Travel,22,1,3,3,3,9,8,7,2.5,Moderate,0,Low,33.33333333333334,0
57,0,Sales,Manager,4,No,Travel_Rarely,29,4,1,3,2,1,0,0,2.5,Moderate,1,Medium,13.93370341761296,1
50,0,Research & Development,Manager,4,No,Travel_Rarely,29,3,2,2,3,27,10,15,2.25,Moderate,0,Low,61.50998205402495,1
30,0,Research & Development,Laboratory Technician,1,No,Non-Travel,2,4,3,3,2,11,7,6,3.25,High,1,Medium,45.566894604818266,0
60,0,Sales,Sales Executive,3,No,Travel_Frequently,28,1,3,4,4,18,13,13,2.5,Moderate,0,Low,5.71909584179366,2
47,0,Research & Development,Manufacturing Director,2,No,Travel_Rarely,2,4,1,3,3,5,0,0,2.75,Moderate,0,Low,16.1129507192139,1
46,0,Research & Development,Research Director,4,No,Travel_Rarely,2,3,1,3,1,3,2,0,2.5,Moderate,1,Medium,23.019964108049905,1
35,0,Research & Development,Laboratory Technician,1,No,Travel_Rarely,22,3,4,3,3,5,4,4,2.75,Moderate,0,Low,66.66666666666667,1
54,0,Research & Development,Laboratory Technician,2,No,Travel_Rarely,8,3,3,3,3,1,0,0,3.0,High,0,Low,100.0,1
34,0,Research & Development,Research Scientist,1,No,Travel_Rarely,2,3,4,3,3,7,3,5,3.0,High,0,Low,66.66666666666667,1
46,0,Sales,Sales Executive,3,Yes,Travel_Rarely,10,4,3,3,3,3,2,1,3.0,High,1,Medium,66.66666666666667,2
31,0,Research & Development,Manufacturing Director,3,No,Travel_Rarely,9,2,3,4,4,13,8,0,3.0,High,0,Low,36.17152614957746,1
33,1,Research & Development,Manager,3,Yes,Travel_Rarely,15,3,2,4,4,7,6,7,3.0,High,1,Medium,36.17152614957746,2
33,1,Research & Development,Laboratory Technician,1,No,Travel_Rarely,10,4,1,1,3,4,3,1,1.75,Low,0,Low,0.0,1
30,0,Sales,Sales Representative,1,No,Travel_Rarely,7,2,4,1,3,3,2,1,2.5,Moderate,0,Low,13.93370341761296,1
35,0,Research & Development,Healthcare Representative,3,Yes,Travel_Rarely,16,3,4,3,3,8,7,0,3.25,High,1,Medium,66.66666666666667,2
31,1,Research & Development,Healthcare Representative,3,No,Travel_Frequently,20,3,1,1,3,1,0,0,2.0,Moderate,0,Low,23.019964108049905,2
34,1,Human Resources,Human Resources,3,Yes,Travel_Frequently,23,1,2,3,3,3,2,0,2.25,Moderate,1,Medium,36.17152614957746,3
42,0,Research & Development,Laboratory Technician,1,No,Travel_Frequently,5,3,2,4,3,2,2,2,3.0,High,0,Low,45.566894604818266,2
36,0,Sales,Sales Executive,3,No,Non-Travel,10,4,2,4,2,10,3,9,3.25,High,1,Medium,23.019964108049905,0
22,1,Research & Development,Laboratory Technician,1,No,Travel_Frequently,4,3,3,3,3,2,2,1,2.75,Moderate,0,Low,100.0,2
48,0,Sales,Sales Executive,2,No,Travel_Rarely,2,4,2,1,3,9,7,6,2.5,Moderate,0,Low,13.93370341761296,1
55,0,Sales,Manager,4,No,Travel_Rarely,18,2,1,4,3,10,9,7,2.5,Moderate,0,Low,13.93370341761296,1
41,0,Sales,Sales Executive,2,No,Non-Travel,10,4,4,4,3,14,3,1,3.75,High,0,Low,66.66666666666667,0
35,0,Sales,Sales Executive,2,No,Travel_Rarely,1,3,2,3,3,11,9,6,2.75,Moderate,0,Low,66.66666666666667,1
40,0,Research & Development,Manufacturing Director,4,No,Travel_Rarely,6,3,2,3,3,20,6,5,2.75,Moderate,0,Low,66.66666666666667,1
39,0,Research & Development,Laboratory Technician,1,No,Travel_Frequently,8,3,3,1,3,8,3,0,2.5,Moderate,0,Low,33.33333333333334,2
31,0,Sales,Sales Executive,2,Yes,Travel_Rarely,2,4,2,3,4,6,5,0,3.0,High,1,Medium,36.17152614957746,2
42,0,Research & Development,Manufacturing Director,3,Yes,Travel_Rarely,24,1,4,4,2,10,9,5,3.0,High,2,High,0.0,2
45,0,Sales,Sales Executive,2,No,Travel_Rarely,2,2,4,2,4,8,7,3,2.75,Moderate,0,Low,23.019964108049905,1
26,1,Human Resources,Human Resources,1,Yes,Travel_Frequently,17,3,2,2,2,7,7,1,2.5,Moderate,2,High,66.66666666666667,3
29,0,Research & Development,Manufacturing Director,2,No,Travel_Rarely,19,4,4,2,4,3,2,1,3.25,High,0,Low,33.33333333333334,1
33,0,Research & Development,Research Director,4,No,Travel_Rarely,1,3,1,3,3,6,1,0,2.75,Moderate,0,Low,33.33333333333334,1
31,0,Sales,Manager,3,No,Travel_Rarely,7,4,3,3,2,5,4,0,3.0,High,1,Medium,45.566894604818266,1
18,1,Sales,Sales Representative,1,Yes,Travel_Frequently,5,2,2,4,3,0,0,0,2.75,Moderate,1,Medium,36.17152614957746,3
40,0,Sales,Sales Executive,3,No,Non-Travel,28,1,3,3,3,1,0,0,2.0,Moderate,0,Low,33.33333333333334,0
41,0,Research & Development,Healthcare Representative,2,Yes,Non-Travel,2,3,1,1,3,8,7,0,1.75,Low,1,Medium,23.019964108049905,1
26,0,Sales,Sales Executive,2,No,Travel_Rarely,29,3,1,1,3,0,0,0,2.0,Moderate,0,Low,23.019964108049905,1
35,0,Sales,Sales Executive,2,No,Travel_Rarely,1,3,1,4,3,5,4,0,2.75,Moderate,0,Low,16.1129507192139,1
34,0,Sales,Sales Executive,2,No,Travel_Rarely,21,4,4,4,3,10,7,5,4.0,High,0,Low,66.66666666666667,1
26,1,Research & Development,Laboratory Technician,1,Yes,Travel_Rarely,24,4,3,2,1,1,0,0,2.5,Moderate,2,High,13.93370341761296,2
37,0,Research & Development,Manufacturing Director,3,No,Travel_Rarely,1,4,2,4,4,6,5,1,3.25,High,0,Low,33.33333333333334,1
46,0,Research & Development,Healthcare Representative,3,No,Travel_Frequently,18,3,1,4,2,2,2,1,2.75,Moderate,1,Medium,13.93370341761296,2
41,0,Sales,Manager,4,No,Travel_Rarely,2,1,2,2,3,18,16,11,2.0,Moderate,0,Low,45.566894604818266,1
37,0,Sales,Sales Executive,3,No,Non-Travel,9,2,1,4,3,9,5,7,2.5,Moderate,0,Low,13.93370341761296,0
52,0,Research & Development,Research Scientist,2,Yes,Travel_Rarely,6,1,4,2,3,10,9,6,2.5,Moderate,1,Medium,13.93370341761296,2
32,1,Sales,Sales Executive,2,No,Non-Travel,11,3,4,4,3,4,2,1,3.75,High,0,Low,61.50998205402495,0
24,0,Sales,Sales Representative,1,No,Travel_Frequently,24,4,4,3,3,2,2,2,3.5,High,0,Low,61.50998205402495,2
38,0,Research & Development,Healthcare Representative,2,No,Travel_Rarely,10,3,3,3,3,1,0,0,3.0,High,0,Low,100.0,1
37,0,Research & Development,Manufacturing Director,2,No,Travel_Rarely,1,2,2,2,2,6,5,4,2.25,Moderate,1,Medium,100.0,1
49,0,Research & Development,Research Director,5,Yes,Travel_Rarely,18,3,4,3,3,31,9,0,3.0,High,1,Medium,66.66666666666667,2
24,0,Research & Development,Research Scientist,1,Yes,Travel_Rarely,23,4,2,2,3,6,5,1,3.0,High,1,Medium,36.17152614957746,2
26,0,Sales,Sales Executive,2,No,Travel_Rarely,28,2,1,4,4,5,3,1,2.5,Moderate,0,Low,0.0,1
24,0,Research & Development,Laboratory Technician,1,No,Travel_Rarely,17,2,4,4,3,1,0,0,3.0,High,0,Low,36.17152614957746,1
50,0,Human Resources,Manager,5,No,Travel_Frequently,3,2,1,3,3,32,5,10,2.25,Moderate,0,Low,36.17152614957746,2
25,0,Sales,Sales Representative,1,No,Travel_Rarely,13,3,2,3,3,7,4,0,2.75,Moderate,0,Low,66.66666666666667,1
24,1,Research & Development,Laboratory Technician,1,Yes,Travel_Frequently,7,3,1,4,3,6,3,1,2.75,Moderate,1,Medium,16.1129507192139,3
30,1,Sales,Sales Representative,1,No,Travel_Frequently,12,1,2,3,4,1,0,0,2.0,Moderate,0,Low,13.93370341761296,2
34,0,Research & Development,Research Scientist,1,Yes,Travel_Rarely,1,4,2,4,3,6,5,1,3.0,High,1,Medium,36.17152614957746,2
31,1,Sales,Sales Executive,2,No,Travel_Rarely,13,1,2,3,1,3,1,1,2.25,Moderate,1,Medium,36.17152614957746,1
35,0,Research & Development,Laboratory Technician,2,No,Travel_Rarely,25,4,1,4,3,3,2,0,2.75,Moderate,0,Low,5.71909584179366,1
31,0,Sales,Sales Executive,2,No,Travel_Rarely,6,4,1,4,4,7,7,5,3.25,High,0,Low,0.0,1
27,0,Research & Development,Research Scientist,1,No,Travel_Rarely,6,3,1,3,2,5,3,0,2.25,Moderate,1,Medium,36.17152614957746,1
37,0,Sales,Sales Executive,2,Yes,Travel_Rarely,2,3,4,3,2,3,0,1,3.25,High,2,High,45.566894604818266,2
20,0,Research & Development,Research Scientist,1,No,Travel_Rarely,1,2,4,4,4,1,0,0,3.0,High,0,Low,33.33333333333334,1
42,0,Research & Development,Healthcare Representative,2,No,Travel_Rarely,2,4,3,2,3,10,2,2,3.0,High,0,Low,45.566894604818266,1
43,0,Research & Development,Research Director,4,Yes,Travel_Rarely,6,4,2,3,2,1,0,0,2.75,Moderate,2,High,36.17152614957746,2
38,0,Research & Development,Research Scientist,1,No,Travel_Rarely,1,1,3,4,2,0,0,0,2.75,Moderate,1,Medium,13.93370341761296,1
43,0,Research & Development,Laboratory Technician,2,Yes,Travel_Frequently,9,3,4,2,3,8,7,4,3.0,High,1,Medium,45.566894604818266,3
48,0,Research & Development,Manager,4,No,Travel_Rarely,1,1,4,1,1,3,2,0,2.0,Moderate,1,Medium,0.0,1
44,0,Human Resources,Human Resources,2,No,Travel_Rarely,1,3,1,2,4,2,2,0,2.0,Moderate,0,Low,13.93370341761296,1
34,0,Sales,Sales Representative,1,Yes,Travel_Rarely,14,3,3,4,3,8,2,0,3.25,High,1,Medium,66.66666666666667,2
27,1,Sales,Sales Representative,1,No,Travel_Rarely,2,1,3,2,3,4,3,0,2.25,Moderate,0,Low,36.17152614957746,1
21,0,Sales,Sales Representative,1,No,Travel_Rarely,22,3,3,3,3,3,2,1,3.0,High,0,Low,100.0,1
44,0,Research & Development,Manager,5,Yes,Travel_Rarely,3,4,4,1,4,2,2,0,3.0,High,1,Medium,0.0,2
22,0,Research & Development,Research Scientist,1,No,Travel_Rarely,6,3,1,4,3,2,2,2,2.75,Moderate,0,Low,16.1129507192139,1
33,0,Sales,Sales Executive,2,No,Travel_Rarely,8,3,3,4,3,5,0,1,3.25,High,0,Low,66.66666666666667,1
32,0,Research & Development,Research Scientist,2,Yes,Travel_Rarely,9,4,1,4,2,6,4,0,3.0,High,2,High,0.0,2
30,0,Research & Development,Research Scientist,1,No,Travel_Frequently,3,3,3,3,3,1,0,0,3.0,High,0,Low,100.0,2
53,0,Sales,Sales Executive,2,No,Travel_Rarely,1,1,4,4,4,14,7,8,3.0,High,0,Low,0.0,1
34,0,Research & Development,Research Scientist,1,No,Travel_Rarely,1,4,2,4,2,10,9,8,3.25,High,1,Medium,23.019964108049905,1
45,1,Sales,Sales Executive,2,No,Travel_Frequently,26,1,1,4,3,1,1,0,2.25,Moderate,0,Low,0.0,2
26,0,Research & Development,Laboratory Technician,1,Yes,Travel_Rarely,6,4,3,3,3,3,2,0,3.25,High,1,Medium,66.66666666666667,2
37,0,Research & Development,Manufacturing Director,3,No,Travel_Rarely,3,3,3,3,3,10,7,7,3.0,High,0,Low,100.0,1
29,0,Sales,Sales Executive,2,No,Travel_Rarely,3,3,2,1,2,6,0,1,2.25,Moderate,1,Medium,45.566894604818266,1
35,0,Research & Development,Research Scientist,2,No,Travel_Rarely,6,4,2,2,3,17,11,11,2.25,Moderate,0,Low,36.17152614957746,1
33,0,Research & Development,Healthcare Representative,2,No,Travel_Frequently,6,4,3,3,1,13,11,4,3.25,High,1,Medium,16.1129507192139,2
54,0,Human Resources,Human Resources,3,No,Travel_Rarely,19,2,3,3,4,9,7,7,2.75,Moderate,0,Low,45.566894604818266,1
36,0,Research & Development,Manufacturing Director,2,Yes,Travel_Rarely,9,2,2,3,3,3,2,0,2.25,Moderate,1,Medium,61.50998205402495,2
27,0,Research & Development,Research Scientist,1,No,Travel_Rarely,3,4,1,4,3,4,2,1,2.75,Moderate,0,Low,5.71909584179366,1
20,1,Research & Development,Research Scientist,1,Yes,Travel_Rarely,10,3,4,4,3,1,0,1,3.5,High,1,Medium,61.50998205402495,2
33,1,Research & Development,Research Scientist,1,Yes,Travel_Frequently,3,1,1,1,3,10,8,9,1.5,Low,1,Medium,33.33333333333334,3
35,0,Research & Development,Laboratory Technician,1,No,Non-Travel,3,3,3,3,3,1,0,0,2.75,Moderate,0,Low,100.0,0
23,0,Research & Development,Research Scientist,1,No,Travel_Rarely,4,1,1,1,4,3,2,0,1.75,Low,0,Low,0.0,1
25,0,Sales,Sales Executive,2,No,Travel_Rarely,8,2,4,3,3,3,2,1,3.25,High,0,Low,45.566894604818266,1
38,0,Sales,Sales Executive,2,No,Travel_Rarely,7,4,4,1,3,7,7,0,2.75,Moderate,0,Low,5.71909584179366,1
29,0,Research & Development,Research Scientist,1,No,Travel_Frequently,1,4,2,4,3,10,7,2,2.75,Moderate,0,Low,36.17152614957746,2
48,0,Sales,Sales Executive,2,No,Travel_Rarely,2,2,2,4,3,2,2,2,3.0,High,0,Low,36.17152614957746,1
27,0,Sales,Sales Executive,2,Yes,Travel_Frequently,3,4,4,2,3,6,5,0,3.5,High,1,Medium,36.17152614957746,3
37,0,Research & Development,Research Scientist,1,No,Travel_Rarely,10,4,4,1,3,1,0,0,3.25,High,0,Low,5.71909584179366,1
50,0,Research & Development,Laboratory Technician,1,Yes,Travel_Rarely,28,3,4,3,3,20,8,3,3.5,High,1,Medium,66.66666666666667,2
34,0,Research & Development,Healthcare Representative,3,No,Travel_Rarely,9,2,4,2,4,8,7,7,2.5,Moderate,0,Low,23.019964108049905,1
24,1,Sales,Sales Executive,2,No,Travel_Rarely,3,3,1,1,3,2,2,2,2.0,Moderate,0,Low,23.019964108049905,1
39,0,Research & Development,Healthcare Representative,2,No,Travel_Rarely,2,3,4,1,3,20,7,11,2.5,Moderate,0,Low,16.1129507192139,1
32,0,Sales,Sales Executive,2,No,Travel_Rarely,10,4,4,4,2,10,7,0,3.75,High,1,Medium,33.33333333333334,1
50,1,Sales,Sales Executive,2,Yes,Travel_Frequently,8,3,2,1,3,4,3,1,2.25,Moderate,1,Medium,36.17152614957746,3
38,0,Research & Development,Healthcare Representative,2,No,Travel_Rarely,1,4,2,3,2,9,7,1,3.25,High,1,Medium,36.17152614957746,1
27,0,Research & Development,Manufacturing Director,3,No,Travel_Rarely,1,1,3,4,3,9,7,0,2.75,Moderate,0,Low,16.1129507192139,1
32,0,Research & Development,Research Director,3,No,Travel_Rarely,3,4,3,4,3,7,7,7,3.5,High,0,Low,61.50998205402495,1
47,0,Sales,Sales Executive,2,No,Travel_Rarely,14,1,4,4,3,7,7,1,3.0,High,0,Low,5.71909584179366,1
40,0,Sales,Sales Executive,3,Yes,Travel_Frequently,5,1,4,3,3,18,13,1,2.5,Moderate,1,Medium,16.1129507192139,3
53,0,Research & Development,Research Director,4,No,Travel_Rarely,7,3,3,3,3,5,1,1,3.25,High,0,Low,100.0,1
41,0,Human Resources,Manager,5,No,Travel_Rarely,10,4,2,2,2,21,6,12,2.5,Moderate,1,Medium,33.33333333333334,1
60,0,Sales,Sales Executive,2,No,Travel_Rarely,16,1,1,4,3,2,2,2,2.25,Moderate,0,Low,0.0,1
27,0,Research & Development,Manufacturing Director,3,No,Travel_Frequently,10,1,4,3,2,9,7,1,2.75,Moderate,1,Medium,13.93370341761296,2
41,0,Human Resources,Manager,5,No,Travel_Rarely,1,3,4,2,3,22,7,2,2.75,Moderate,0,Low,45.566894604818266,1
50,0,Sales,Sales Representative,1,No,Travel_Rarely,8,2,4,4,3,2,2,2,3.25,High,0,Low,36.17152614957746,1
28,1,Research & Development,Research Scientist,1,Yes,Travel_Rarely,1,2,1,4,3,7,7,3,2.0,Moderate,1,Medium,13.93370341761296,2
36,0,Research & Development,Research Director,3,No,Non-Travel,8,1,1,1,3,8,7,0,1.75,Low,0,Low,33.33333333333334,0
38,0,Research & Development,Manufacturing Director,3,Yes,Travel_Rarely,1,3,3,4,4,1,0,0,3.25,High,1,Medium,61.50998205402495,2
44,0,Research & Development,Laboratory Technician,1,No,Non-Travel,24,3,1,3,3,5,2,1,2.0,Moderate,0,Low,33.33333333333334,0
47,0,Sales,Sales Executive,4,Yes,Travel_Frequently,3,3,4,4,2,22,2,11,3.5,High,2,High,36.17152614957746,3
30,0,Sales,Sales Executive,2,No,Travel_Rarely,27,4,3,4,2,8,7,7,3.5,High,1,Medium,36.17152614957746,1
29,0,Sales,Sales Representative,1,No,Travel_Rarely,10,3,3,3,3,1,0,0,3.0,High,0,Low,100.0,1
42,1,Research & Development,Research Scientist,1,Yes,Travel_Frequently,19,3,3,4,3,2,2,2,3.5,High,1,Medium,66.66666666666667,3
43,0,Sales,Sales Executive,2,No,Travel_Frequently,15,4,4,3,3,2,2,2,3.25,High,0,Low,61.50998205402495,2
34,0,Research & Development,Healthcare Representative,2,No,Travel_Rarely,8,3,2,4,3,5,1,4,3.0,High,0,Low,45.566894604818266,1
23,0,Research & Development,Laboratory Technician,1,No,Travel_Rarely,9,1,2,4,4,4,3,0,2.5,Moderate,0,Low,0.0,1
39,0,Human Resources,Human Resources,2,No,Travel_Rarely,3,2,3,3,1,8,3,3,3.0,High,1,Medium,36.17152614957746,1
56,0,Research & Development,Healthcare Representative,4,No,Travel_Rarely,9,4,3,3,2,10,7,1,3.25,High,1,Medium,45.566894604818266,1
40,0,Research & Development,Research Scientist,1,Yes,Travel_Rarely,2,4,4,4,2,4,2,2,3.5,High,2,High,33.33333333333334,2
27,0,Research & Development,Healthcare Representative,2,No,Travel_Rarely,7,1,4,1,1,7,6,0,2.0,Moderate,1,Medium,0.0,1
29,0,Sales,Sales Representative,1,No,Travel_Rarely,10,2,4,4,3,2,2,2,3.25,High,0,Low,36.17152614957746,1
53,0,Research & Development,Laboratory Technician,2,No,Travel_Rarely,6,4,4,4,3,2,2,2,3.75,High,0,Low,66.66666666666667,1
35,0,Research & Development,Healthcare Representative,2,No,Non-Travel,2,1,4,1,4,1,0,0,2.25,Moderate,0,Low,0.0,0
32,0,Research & Development,Laboratory Technician,2,No,Travel_Frequently,24,4,1,4,3,10,8,4,3.0,High,0,Low,5.71909584179366,2
38,0,Research & Development,Research Scientist,1,Yes,Travel_Rarely,2,3,4,2,1,1,0,0,3.0,High,2,High,13.93370341761296,2
34,0,Research & Development,Manufacturing Director,2,No,Travel_Rarely,8,1,2,3,3,0,0,0,2.25,Moderate,0,Low,36.17152614957746,1
52,0,Sales,Manager,4,No,Travel_Rarely,3,1,3,1,4,34,6,1,1.75,Low,0,Low,0.0,1
33,1,Research & Development,Research Scientist,1,Yes,Travel_Rarely,1,4,4,3,2,10,9,7,3.5,High,2,High,36.17152614957746,2
25,0,Sales,Sales Executive,2,No,Travel_Rarely,26,4,3,2,2,6,5,1,3.0,High,1,Medium,36.17152614957746,1
45,0,Sales,Sales Representative,2,No,Travel_Rarely,2,3,2,1,3,8,7,3,1.75,Low,0,Low,36.17152614957746,1
23,0,Research & Development,Research Scientist,1,No,Travel_Rarely,10,3,1,4,3,2,2,0,3.0,High,0,Low,16.1129507192139,1
47,1,Sales,Sales Executive,2,Yes,Travel_Frequently,27,3,2,4,3,5,4,1,3.25,High,1,Medium,45.566894604818266,3
34,0,Sales,Sales Executive,2,No,Travel_Rarely,2,4,4,3,3,6,5,1,3.5,High,0,Low,61.50998205402495,1
55,1,Research & Development,Manager,5,Yes,Travel_Rarely,2,1,4,4,3,5,2,1,3.0,High,1,Medium,5.71909584179366,2
36,0,Sales,Sales Executive,3,No,Non-Travel,8,1,1,2,3,10,7,0,1.5,Low,0,Low,36.17152614957746,0
52,0,Research & Development,Research Scientist,1,No,Non-Travel,19,4,4,1,3,4,3,1,3.0,High,0,Low,5.71909584179366,0
26,0,Research & Development,Laboratory Technician,1,No,Travel_Frequently,1,4,1,1,3,2,2,2,1.75,Low,0,Low,0.0,2
29,0,Research & Development,Healthcare Representative,2,No,Travel_Rarely,27,3,2,1,2,8,7,1,2.25,Moderate,1,Medium,45.566894604818266,1
26,1,Sales,Sales Executive,2,No,Travel_Rarely,8,1,4,3,2,4,3,1,2.5,Moderate,1,Medium,13.93370341761296,1
34,0,Research & Development,Research Scientist,1,No,Travel_Rarely,1,4,2,3,3,4,2,1,3.25,High,0,Low,45.566894604818266,1
54,0,Research & Development,Manufacturing Director,2,Yes,Travel_Rarely,19,1,4,2,3,5,3,1,2.5,Moderate,1,Medium,13.93370341761296,2
27,0,Sales,Sales Executive,2,No,Travel_Frequently,8,4,3,2,3,4,2,1,3.0,High,0,Low,45.566894604818266,2
37,0,Research & Development,Research Scientist,1,Yes,Travel_Rarely,10,1,4,2,2,5,3,4,2.5,Moderate,2,High,16.1129507192139,2
38,0,Research & Development,Manufacturing Director,2,Yes,Travel_Frequently,2,1,1,4,3,15,7,4,2.5,Moderate,1,Medium,0.0,3
34,0,Research & Development,Research Scientist,1,No,Travel_Rarely,2,1,3,3,3,6,5,1,2.25,Moderate,0,Low,33.33333333333334,1
35,0,Sales,Sales Representative,1,No,Travel_Rarely,8,4,1,2,2,3,2,0,2.5,Moderate,1,Medium,16.1129507192139,1
30,0,Research & Development,Laboratory Technician,1,No,Travel_Rarely,1,3,4,3,3,2,2,0,2.75,Moderate,0,Low,66.66666666666667,1
40,0,Research & Development,Healthcare Representative,2,No,Travel_Frequently,2,2,3,4,3,8,7,3,3.25,High,0,Low,45.566894604818266,2
34,0,Sales,Sales Executive,2,No,Travel_Rarely,8,1,3,2,3,3,2,1,2.25,Moderate,0,Low,36.17152614957746,1
42,0,Research & Development,Manager,5,No,Travel_Frequently,8,4,2,2,2,24,7,14,2.75,Moderate,1,Medium,33.33333333333334,2
23,1,Research & Development,Laboratory Technician,1,Yes,Travel_Rarely,6,1,3,3,3,0,0,0,2.75,Moderate,1,Medium,33.33333333333334,2
24,0,Research & Development,Laboratory Technician,1,No,Non-Travel,9,2,3,3,3,1,0,0,2.5,Moderate,0,Low,66.66666666666667,0
52,0,Research & Development,Laboratory Technician,2,No,Travel_Rarely,11,3,4,2,3,5,2,1,3.0,High,0,Low,45.566894604818266,1
50,0,Research & Development,Research Director,4,No,Travel_Rarely,2,3,3,4,3,4,3,0,3.25,High,0,Low,66.66666666666667,1
29,1,Research & Development,Laboratory Technician,1,Yes,Travel_Rarely,1,1,2,4,3,1,0,0,2.25,Moderate,1,Medium,13.93370341761296,2
33,0,Research & Development,Research Director,3,No,Travel_Rarely,7,3,3,4,4,13,9,3,3.25,High,0,Low,61.50998205402495,1
33,1,Sales,Sales Executive,2,No,Travel_Rarely,16,1,1,3,3,3,2,0,2.0,Moderate,0,Low,23.019964108049905,1
47,0,Research & Development,Manager,4,Yes,Travel_Rarely,2,4,3,3,2,26,14,3,3.25,High,2,High,45.566894604818266,2
36,0,Research & Development,Manufacturing Director,2,No,Travel_Rarely,1,2,3,1,3,9,7,0,2.25,Moderate,0,Low,36.17152614957746,1
29,0,Research & Development,Research Scientist,1,No,Travel_Rarely,23,3,3,3,3,10,7,0,3.25,High,0,Low,100.0,1
58,1,Research & Development,Research Director,5,Yes,Travel_Rarely,2,2,4,4,3,31,15,13,3.25,High,1,Medium,36.17152614957746,2
35,0,Research & Development,Research Scientist,1,No,Travel_Rarely,1,3,4,3,3,2,2,2,3.5,High,0,Low,66.66666666666667,1
42,0,Research & Development,Manufacturing Director,2,Yes,Travel_Rarely,1,4,4,4,3,4,3,0,3.5,High,1,Medium,66.66666666666667,2
28,1,Research & Development,Research Scientist,1,No,Travel_Rarely,2,3,3,4,2,2,2,2,3.25,High,1,Medium,45.566894604818266,1
36,0,Human Resources,Human Resources,1,No,Travel_Rarely,13,2,3,2,3,5,2,0,2.5,Moderate,0,Low,61.50998205402495,1
32,0,Research & Development,Manufacturing Director,2,No,Travel_Rarely,4,3,3,3,3,14,13,6,2.75,Moderate,0,Low,100.0,1
40,0,Research & Development,Laboratory Technician,2,No,Travel_Frequently,16,3,1,4,3,1,0,0,2.5,Moderate,0,Low,16.1129507192139,2
30,0,Research & Development,Manufacturing Director,2,Yes,Travel_Rarely,2,4,3,2,2,0,0,0,2.75,Moderate,2,High,36.17152614957746,2
45,0,Research & Development,Research Scientist,1,No,Travel_Rarely,2,3,2,4,3,1,0,0,2.75,Moderate,0,Low,45.566894604818266,1
42,0,Research & Development,Manufacturing Director,2,No,Travel_Rarely,29,2,2,4,2,9,8,7,2.75,Moderate,1,Medium,33.33333333333334,1
38,0,Research & Development,Healthcare Representative,2,No,Travel_Frequently,12,1,1,3,2,4,3,1,1.75,Low,1,Medium,36.17152614957746,2
34,0,Research & Development,Research Scientist,1,No,Travel_Frequently,16,4,3,3,3,5,2,1,3.0,High,0,Low,66.66666666666667,2
49,1,Sales,Sales Executive,3,No,Travel_Rarely,11,4,3,1,4,9,8,7,2.75,Moderate,0,Low,5.71909584179366,1
55,1,Sales,Sales Executive,2,No,Travel_Rarely,2,4,3,3,2,9,7,7,3.25,High,1,Medium,45.566894604818266,1
43,0,Research & Development,Research Director,4,No,Travel_Rarely,14,1,2,3,3,4,1,1,2.25,Moderate,0,Low,36.17152614957746,1
27,0,Research & Development,Research Director,3,Yes,Travel_Rarely,5,4,3,2,3,9,8,0,2.75,Moderate,1,Medium,45.566894604818266,2
35,0,Research & Development,Manufacturing Director,3,No,Travel_Rarely,7,3,3,2,4,8,5,1,2.75,Moderate,0,Low,45.566894604818266,1
28,0,Sales,Sales Executive,2,Yes,Travel_Rarely,2,2,2,1,3,8,7,7,2.0,Moderate,1,Medium,45.566894604818266,2
34,0,Human Resources,Human Resources,1,No,Travel_Rarely,3,4,3,3,1,3,2,0,3.25,High,1,Medium,16.1129507192139,1
26,1,Research & Development,Research Scientist,1,Yes,Travel_Frequently,5,3,3,1,3,8,7,1,2.25,Moderate,1,Medium,33.33333333333334,3
27,0,Research & Development,Research Scientist,1,No,Non-Travel,3,4,4,3,2,0,0,0,3.5,High,1,Medium,36.17152614957746,0
51,0,Sales,Manager,4,No,Travel_Rarely,26,3,1,3,2,20,6,4,2.5,Moderate,1,Medium,36.17152614957746,1
44,0,Research & Development,Healthcare Representative,2,No,Travel_Rarely,4,2,4,4,2,5,2,2,3.25,High,1,Medium,23.019964108049905,1
25,0,Research & Development,Research Scientist,1,No,Travel_Rarely,2,1,1,3,2,4,3,0,2.25,Moderate,1,Medium,36.17152614957746,1
33,0,Sales,Sales Executive,2,No,Travel_Rarely,1,1,1,1,3,9,8,0,1.75,Low,0,Low,33.33333333333334,1
35,0,Research & Development,Research Scientist,1,No,Travel_Rarely,27,1,3,4,2,6,5,1,2.5,Moderate,1,Medium,13.93370341761296,1
36,0,Sales,Sales Executive,2,Yes,Travel_Rarely,1,4,2,4,2,18,14,4,3.25,High,2,High,23.019964108049905,2
32,0,Sales,Sales Executive,2,No,Travel_Rarely,13,4,2,3,2,5,2,0,3.0,High,1,Medium,36.17152614957746,1
30,0,Research & Development,Research Scientist,1,No,Travel_Frequently,5,4,2,2,2,5,4,0,2.5,Moderate,1,Medium,33.33333333333334,2
53,0,Sales,Sales Executive,3,Yes,Travel_Rarely,7,4,1,4,3,5,2,0,2.75,Moderate,1,Medium,5.71909584179366,2
45,0,Sales,Sales Executive,3,Yes,Travel_Rarely,9,1,4,3,3,5,4,0,2.75,Moderate,1,Medium,16.1129507192139,2
32,0,Research & Development,Research Scientist,2,No,Travel_Rarely,8,3,3,3,2,5,3,1,3.25,High,1,Medium,66.66666666666667,1
52,0,Research & Development,Manufacturing Director,4,No,Travel_Frequently,25,4,3,3,3,9,8,0,3.0,High,0,Low,66.66666666666667,2
37,0,Sales,Sales Executive,2,No,Travel_Rarely,16,3,4,4,3,1,0,0,3.25,High,0,Low,61.50998205402495,1
28,0,Human Resources,Human Resources,1,No,Travel_Rarely,8,4,2,4,3,5,1,0,3.0,High,0,Low,36.17152614957746,1
22,0,Research & Development,Manufacturing Director,2,No,Travel_Rarely,1,4,4,1,1,2,2,2,2.75,Moderate,1,Medium,0.0,1
44,0,Research & Development,Laboratory Technician,1,Yes,Travel_Rarely,8,4,1,3,2,3,2,0,3.0,High,2,High,13.93370341761296,2
42,0,Research & Development,Research Scientist,1,Yes,Travel_Frequently,2,4,2,4,3,2,1,2,3.25,High,1,Medium,36.17152614957746,3
36,0,Human Resources,Human Resources,1,No,Travel_Rarely,8,1,1,3,3,5,4,0,1.75,Low,0,Low,23.019964108049905,1
25,0,Sales,Sales Executive,2,Yes,Travel_Rarely,3,1,3,4,3,5,3,0,2.75,Moderate,1,Medium,16.1129507192139,2
35,0,Research & Development,Manufacturing Director,3,Yes,Travel_Rarely,9,3,4,2,3,17,14,5,2.75,Moderate,1,Medium,45.566894604818266,2
35,1,Research & Development,Research Scientist,1,Yes,Travel_Frequently,25,2,4,1,2,10,2,7,2.5,Moderate,2,High,16.1129507192139,3
32,0,Research & Development,Laboratory Technician,1,No,Non-Travel,1,4,4,2,3,3,0,0,3.25,High,0,Low,36.17152614957746,0
25,0,Sales,Sales Executive,2,No,Travel_Rarely,4,1,3,1,4,5,2,0,1.75,Low,0,Low,0.0,1
49,0,Research & Development,Research Scientist,1,No,Travel_Rarely,1,1,3,2,3,4,2,0,2.25,Moderate,0,Low,36.17152614957746,1
24,0,Research & Development,Laboratory Technician,1,No,Non-Travel,4,4,1,4,2,5,2,3,2.75,Moderate,1,Medium,0.0,0
32,0,Sales,Sales Executive,2,No,Travel_Frequently,5,2,2,4,3,10,8,5,2.75,Moderate,0,Low,36.17152614957746,2
38,0,Sales,Sales Representative,1,No,Travel_Rarely,9,2,2,4,3,2,2,1,2.5,Moderate,0,Low,36.17152614957746,1
42,0,Research & Development,Laboratory Technician,2,Yes,Travel_Rarely,3,4,3,2,2,5,3,1,3.25,High,2,High,36.17152614957746,2
31,0,Research & Development,Research Scientist,1,Yes,Travel_Rarely,11,4,4,2,3,6,4,0,3.25,High,1,Medium,36.17152614957746,2
29,1,Sales,Sales Representative,1,Yes,Travel_Rarely,1,3,2,3,3,3,2,0,2.5,Moderate,1,Medium,66.66666666666667,2
53,0,Sales,Sales Executive,4,No,Travel_Rarely,8,4,1,3,3,2,0,2,2.75,Moderate,0,Low,16.1129507192139,1
35,0,Research & Development,Manufacturing Director,3,No,Travel_Rarely,25,2,4,1,3,13,10,4,2.25,Moderate,0,Low,13.93370341761296,1
37,0,Sales,Sales Representative,1,No,Travel_Frequently,21,4,3,2,3,5,4,0,3.0,High,0,Low,45.566894604818266,2
53,0,Research & Development,Research Director,4,No,Travel_Rarely,23,4,4,3,3,12,9,3,3.5,High,0,Low,61.50998205402495,1
43,0,Research & Development,Healthcare Representative,2,No,Travel_Frequently,1,4,4,2,2,5,2,2,3.25,High,1,Medium,23.019964108049905,2
47,0,Sales,Sales Executive,2,Yes,Travel_Rarely,2,4,3,1,3,7,6,7,2.75,Moderate,1,Medium,16.1129507192139,2
37,0,Sales,Sales Executive,3,Yes,Non-Travel,19,2,1,4,3,10,0,0,2.5,Moderate,1,Medium,13.93370341761296,1
50,0,Research & Development,Manager,4,No,Non-Travel,2,1,1,4,3,31,6,14,2.25,Moderate,0,Low,0.0,0
39,0,Human Resources,Human Resources,2,No,Travel_Rarely,2,4,4,3,3,5,4,0,3.25,High,0,Low,61.50998205402495,1
33,0,Human Resources,Human Resources,1,Yes,Travel_Rarely,3,2,4,3,4,4,3,0,3.0,High,1,Medium,36.17152614957746,2
32,1,Research & Development,Laboratory Technician,1,Yes,Travel_Rarely,25,4,1,3,1,1,0,0,2.75,Moderate,2,High,0.0,2
29,0,Research & Development,Laboratory Technician,1,No,Travel_Rarely,7,4,1,3,3,4,3,0,2.5,Moderate,0,Low,16.1129507192139,1
44,0,Research & Development,Research Scientist,1,Yes,Travel_Rarely,9,1,2,4,3,8,7,7,2.5,Moderate,1,Medium,13.93370341761296,2
28,0,Sales,Sales Executive,2,No,Travel_Rarely,5,4,1,2,3,4,2,0,2.5,Moderate,0,Low,13.93370341761296,1
58,1,Research & Development,Laboratory Technician,1,Yes,Travel_Frequently,2,4,4,4,2,1,0,0,3.5,High,2,High,33.33333333333334,3
43,0,Research & Development,Manufacturing Director,2,No,Travel_Rarely,8,2,1,3,4,1,0,0,2.25,Moderate,0,Low,13.93370341761296,1
20,1,Sales,Sales Representative,1,No,Travel_Rarely,2,3,3,4,2,2,2,0,3.0,High,1,Medium,45.566894604818266,1
21,1,Research & Development,Research Scientist,1,No,Travel_Rarely,18,4,4,1,2,1,0,0,3.0,High,1,Medium,0.0,1
36,0,Research & Development,Healthcare Representative,2,Yes,Travel_Rarely,14,4,3,1,2,16,8,4,2.75,Moderate,2,High,13.93370341761296,2
47,0,Sales,Sales Representative,1,Yes,Travel_Rarely,2,4,4,1,2,3,2,1,2.75,Moderate,2,High,0.0,2
22,1,Research & Development,Manufacturing Director,2,Yes,Travel_Rarely,3,3,2,1,4,3,2,0,2.25,Moderate,1,Medium,13.93370341761296,2
41,1,Research & Development,Laboratory Technician,1,Yes,Travel_Rarely,2,4,2,3,2,7,7,1,2.5,Moderate,2,High,36.17152614957746,2
28,0,Research & Development,Research Scientist,1,No,Travel_Rarely,9,3,3,2,3,2,2,2,2.75,Moderate,0,Low,66.66666666666667,1
39,1,Research & Development,Laboratory Technician,1,Yes,Travel_Rarely,6,1,4,4,1,2,2,2,3.0,High,2,High,0.0,2
27,0,Research & Development,Research Scientist,1,No,Travel_Rarely,4,3,2,3,3,1,1,0,2.75,Moderate,0,Low,66.66666666666667,1
34,0,Research & Development,Laboratory Technician,1,No,Travel_Rarely,10,2,2,2,3,1,0,1,2.25,Moderate,0,Low,66.66666666666667,1
42,0,Sales,Sales Executive,2,No,Travel_Rarely,14,3,3,1,3,5,4,0,2.25,Moderate,0,Low,33.33333333333334,1
33,0,Research & Development,Research Scientist,1,Yes,Travel_Rarely,1,1,3,2,3,3,2,0,2.0,Moderate,1,Medium,36.17152614957746,2
58,0,Research & Development,Healthcare Representative,3,Yes,Travel_Rarely,5,2,3,4,3,6,0,0,2.75,Moderate,1,Medium,45.566894604818266,2
31,0,Sales,Sales Representative,1,No,Travel_Rarely,7,3,2,2,4,7,7,5,2.25,Moderate,0,Low,36.17152614957746,1
35,0,Research & Development,Healthcare Representative,2,Yes,Travel_Rarely,21,4,4,4,1,10,6,0,3.75,High,2,High,0.0,2
49,0,Research & Development,Laboratory Technician,3,No,Travel_Rarely,8,2,1,3,2,26,9,1,2.25,Moderate,1,Medium,45.566894604818266,1
48,0,Research & Development,Research Scientist,1,No,Travel_Rarely,20,3,4,1,2,0,0,0,2.75,Moderate,1,Medium,13.93370341761296,1
31,0,Sales,Sales Executive,2,No,Non-Travel,20,3,4,4,2,9,8,0,3.5,High,1,Medium,36.17152614957746,0
36,0,Research & Development,Research Scientist,1,No,Travel_Rarely,7,4,2,3,3,6,2,0,3.0,High,0,Low,45.566894604818266,1
38,0,Research & Development,Research Director,3,No,Travel_Rarely,1,1,4,2,3,15,12,5,2.5,Moderate,0,Low,13.93370341761296,1
32,0,Research & Development,Laboratory Technician,1,No,Non-Travel,1,2,3,3,3,3,0,0,2.5,Moderate,0,Low,66.66666666666667,0
25,1,Sales,Sales Representative,1,Yes,Travel_Rarely,19,2,3,3,3,1,0,0,2.5,Moderate,1,Medium,66.66666666666667,2
40,0,Sales,Sales Executive,3,No,Travel_Rarely,10,2,1,2,2,1,0,0,1.75,Low,1,Medium,66.66666666666667,1
26,0,Sales,Sales Executive,2,No,Travel_Frequently,1,1,3,2,3,7,7,0,2.0,Moderate,0,Low,36.17152614957746,2
41,0,Research & Development,Laboratory Technician,1,Yes,Travel_Rarely,6,1,4,3,3,18,13,2,2.75,Moderate,1,Medium,16.1129507192139,2
36,0,Research & Development,Laboratory Technician,1,No,Travel_Rarely,2,3,3,3,3,11,8,3,3.0,High,0,Low,100.0,1
19,1,Sales,Sales Representative,1,Yes,Travel_Rarely,21,2,4,2,4,1,0,0,2.5,Moderate,1,Medium,23.019964108049905,2
20,1,Research & Development,Laboratory Technician,1,No,Travel_Rarely,4,1,1,2,3,1,0,0,1.75,Low,0,Low,36.17152614957746,1
31,0,Research & Development,Healthcare Representative,2,Yes,Travel_Rarely,12,4,4,3,1,9,7,8,3.5,High,2,High,5.71909584179366,2
40,0,Research & Development,Research Scientist,1,Yes,Travel_Frequently,9,2,4,4,3,1,1,0,3.25,High,1,Medium,36.17152614957746,3
32,0,Research & Development,Manufacturing Director,2,No,Travel_Rarely,3,1,3,3,4,8,7,6,2.5,Moderate,0,Low,16.1129507192139,1
36,1,Sales,Sales Executive,3,Yes,Travel_Rarely,3,4,3,1,3,16,7,3,2.5,Moderate,1,Medium,16.1129507192139,2
33,0,Research & Development,Healthcare Representative,2,No,Travel_Rarely,1,4,2,1,3,5,0,1,2.25,Moderate,0,Low,13.93370341761296,1
37,1,Sales,Sales Executive,3,No,Travel_Rarely,1,3,1,3,1,14,1,11,2.25,Moderate,1,Medium,23.019964108049905,1
45,0,Research & Development,Laboratory Technician,2,No,Non-Travel,4,2,3,2,2,9,7,0,2.5,Moderate,1,Medium,66.66666666666667,0
29,0,Sales,Sales Representative,1,No,Travel_Frequently,20,4,3,2,3,3,1,0,3.0,High,0,Low,45.566894604818266,2
35,0,Sales,Sales Executive,2,No,Travel_Rarely,18,3,3,2,3,5,2,1,2.75,Moderate,0,Low,66.66666666666667,1
52,0,Research & Development,Manager,4,No,Travel_Rarely,1,4,4,2,2,9,8,7,3.25,High,1,Medium,23.019964108049905,1
58,1,Research & Development,Research Scientist,1,No,Travel_Rarely,2,3,4,1,3,1,0,0,2.75,Moderate,0,Low,16.1129507192139,1
53,0,Sales,Manager,4,No,Travel_Rarely,2,3,3,3,4,17,13,15,3.0,High,0,Low,66.66666666666667,1
30,0,Sales,Sales Executive,3,No,Travel_Rarely,8,3,3,1,4,8,4,7,2.5,Moderate,0,Low,16.1129507192139,1
38,0,Sales,Sales Executive,2,Yes,Non-Travel,10,4,3,2,3,5,3,1,3.0,High,1,Medium,45.566894604818266,1
35,0,Sales,Sales Executive,3,No,Travel_Rarely,3,4,4,2,3,10,9,0,3.25,High,0,Low,36.17152614957746,1
39,0,Sales,Sales Executive,3,No,Travel_Rarely,2,3,1,4,3,8,7,0,3.0,High,0,Low,16.1129507192139,1
40,1,Sales,Sales Executive,4,Yes,Non-Travel,24,2,2,4,2,1,0,0,3.0,High,2,High,33.33333333333334,1
47,0,Research & Development,Manufacturing Director,2,Yes,Travel_Frequently,16,3,3,3,4,19,10,2,3.25,High,1,Medium,66.66666666666667,3
36,0,Sales,Sales Executive,2,No,Non-Travel,8,4,1,4,3,7,7,0,3.0,High,0,Low,5.71909584179366,0
31,1,Research & Development,Research Scientist,1,Yes,Non-Travel,9,1,3,1,3,3,2,1,1.75,Low,1,Medium,23.019964108049905,1
33,0,Sales,Manager,4,No,Non-Travel,17,3,4,4,3,10,8,6,3.5,High,0,Low,61.50998205402495,0
29,1,Research & Development,Research Scientist,1,Yes,Travel_Rarely,10,1,4,3,3,0,0,0,2.5,Moderate,1,Medium,16.1129507192139,2
33,0,Research & Development,Research Scientist,1,No,Travel_Rarely,13,4,2,1,3,3,2,0,2.5,Moderate,0,Low,13.93370341761296,1
45,0,Research & Development,Laboratory Technician,1,No,Travel_Rarely,1,4,4,4,3,5,3,0,3.75,High,0,Low,66.66666666666667,1
50,0,Research & Development,Research Director,4,No,Travel_Rarely,1,4,4,3,2,5,4,1,3.5,High,1,Medium,36.17152614957746,1
33,0,Research & Development,Healthcare Representative,2,Yes,Travel_Frequently,1,2,3,1,3,6,5,1,2.5,Moderate,1,Medium,36.17152614957746,3
41,0,Research & Development,Research Director,5,No,Travel_Frequently,9,3,1,2,4,18,16,0,2.25,Moderate,0,Low,13.93370341761296,2
27,0,Research & Development,Laboratory Technician,1,No,Travel_Rarely,16,2,3,2,3,2,2,2,2.5,Moderate,0,Low,61.50998205402495,1
45,0,Research & Development,Laboratory Technician,2,Yes,Non-Travel,23,1,4,3,3,9,8,0,2.75,Moderate,1,Medium,16.1129507192139,1
47,0,Sales,Sales Executive,2,Yes,Travel_Rarely,4,4,4,3,3,9,0,0,3.5,High,1,Medium,61.50998205402495,2
30,1,Research & Development,Research Scientist,1,Yes,Travel_Rarely,22,3,1,2,3,5,2,0,2.25,Moderate,1,Medium,36.17152614957746,2
50,0,Research & Development,Manufacturing Director,4,Yes,Travel_Rarely,24,3,4,4,3,12,11,1,3.5,High,1,Medium,61.50998205402495,2
38,0,Research & Development,Research Scientist,1,No,Travel_Frequently,10,3,3,2,2,2,1,0,2.75,Moderate,1,Medium,61.50998205402495,2
46,0,Research & Development,Manufacturing Director,3,No,Travel_Rarely,7,3,4,2,3,8,7,0,3.0,High,0,Low,45.566894604818266,1
24,0,Research & Development,Manufacturing Director,2,No,Travel_Rarely,17,3,4,2,3,4,2,3,2.75,Moderate,0,Low,45.566894604818266,1
35,1,Research & Development,Laboratory Technician,1,Yes,Travel_Rarely,14,2,3,4,1,4,2,0,2.75,Moderate,2,High,13.93370341761296,2
31,0,Research & Development,Manufacturing Director,2,No,Travel_Frequently,1,1,3,3,3,4,3,0,2.5,Moderate,0,Low,33.33333333333334,2
18,0,Research & Development,Research Scientist,1,No,Non-Travel,5,4,2,4,3,0,0,0,3.25,High,0,Low,36.17152614957746,0
54,0,Research & Development,Manufacturing Director,3,No,Travel_Rarely,17,3,3,3,3,10,7,0,3.0,High,0,Low,100.0,1
35,0,Research & Development,Healthcare Representative,3,Yes,Travel_Rarely,25,3,3,3,2,16,10,10,3.0,High,2,High,66.66666666666667,2
30,0,Research & Development,Research Director,3,Yes,Travel_Rarely,8,1,2,3,2,8,7,1,2.5,Moderate,2,High,45.566894604818266,2
20,1,Research & Development,Research Scientist,1,Yes,Travel_Rarely,11,1,4,1,3,1,0,0,2.0,Moderate,1,Medium,0.0,2
30,1,Research & Development,Laboratory Technician,1,No,Travel_Frequently,5,2,2,1,3,3,2,1,2.0,Moderate,0,Low,45.566894604818266,2
26,0,Research & Development,Manufacturing Director,2,No,Travel_Rarely,2,4,4,2,3,8,7,1,3.5,High,0,Low,36.17152614957746,1
22,0,Research & Development,Laboratory Technician,1,No,Travel_Rarely,8,1,2,1,2,4,3,1,1.25,Low,1,Medium,61.50998205402495,1
48,0,Research & Development,Healthcare Representative,2,No,Travel_Rarely,6,3,1,4,3,2,2,2,2.5,Moderate,0,Low,16.1129507192139,1
48,0,Research & Development,Healthcare Representative,3,No,Travel_Rarely,4,3,3,2,3,15,11,4,2.5,Moderate,0,Low,66.66666666666667,1
41,0,Research & Development,Manufacturing Director,2,No,Travel_Rarely,7,3,4,2,3,2,2,2,3.0,High,0,Low,45.566894604818266,1
39,0,Research & Development,Manufacturing Director,4,No,Travel_Rarely,1,4,4,3,3,21,6,11,3.25,High,0,Low,61.50998205402495,1
27,0,Research & Development,Manufacturing Director,2,No,Travel_Rarely,2,4,1,2,3,3,2,2,2.5,Moderate,0,Low,13.93370341761296,1
35,0,Research & Development,Laboratory Technician,1,No,Travel_Rarely,10,4,2,1,2,3,2,1,2.5,Moderate,1,Medium,16.1129507192139,1
42,0,Sales,Manager,5,No,Travel_Rarely,5,3,4,2,4,1,0,0,3.0,High,0,Low,36.17152614957746,1
50,0,Research & Development,Laboratory Technician,1,No,Travel_Rarely,9,4,1,2,3,1,0,0,2.5,Moderate,0,Low,13.93370341761296,1
59,0,Research & Development,Manufacturing Director,4,Yes,Travel_Rarely,2,4,3,1,3,5,3,4,2.5,Moderate,1,Medium,16.1129507192139,2
37,1,Research & Development,Healthcare Representative,2,No,Travel_Rarely,11,2,1,1,1,1,0,0,1.25,Low,1,Medium,66.66666666666667,1
55,0,Research & Development,Healthcare Representative,2,Yes,Travel_Frequently,18,2,3,4,3,8,7,6,3.0,High,1,Medium,45.566894604818266,3
41,0,Research & Development,Research Director,5,No,Non-Travel,7,3,2,2,3,21,16,5,2.0,Moderate,0,Low,61.50998205402495,0
38,0,Sales,Sales Executive,2,Yes,Travel_Rarely,3,4,2,3,3,1,0,0,3.0,High,1,Medium,45.566894604818266,2
26,1,Sales,Sales Executive,2,No,Non-Travel,29,1,2,4,3,2,2,2,2.0,Moderate,0,Low,13.93370341761296,0
52,1,Sales,Manager,5,No,Travel_Rarely,2,4,1,4,3,32,14,6,2.5,Moderate,0,Low,5.71909584179366,1
44,0,Sales,Sales Executive,4,Yes,Travel_Rarely,28,4,4,3,3,12,11,11,3.75,High,1,Medium,61.50998205402495,2
50,0,Sales,Sales Executive,2,No,Non-Travel,1,3,4,1,3,18,7,0,2.75,Moderate,0,Low,16.1129507192139,0
36,1,Research & Development,Laboratory Technician,1,No,Travel_Rarely,16,1,3,3,3,17,13,15,2.75,Moderate,0,Low,33.33333333333334,1
39,0,Research & Development,Manufacturing Director,3,Yes,Travel_Frequently,22,1,4,3,3,21,6,2,2.75,Moderate,1,Medium,16.1129507192139,3
33,0,Sales,Sales Representative,1,No,Non-Travel,8,4,2,4,2,2,2,2,3.0,High,1,Medium,23.019964108049905,0
45,0,Sales,Manager,4,No,Travel_Rarely,11,4,4,2,4,9,3,1,3.25,High,0,Low,33.33333333333334,1
32,0,Research & Development,Laboratory Technician,1,No,Non-Travel,29,3,4,2,3,8,7,7,3.0,High,0,Low,45.566894604818266,0
34,0,Sales,Sales Executive,2,No,Travel_Rarely,1,4,2,4,2,15,1,0,3.5,High,1,Medium,23.019964108049905,1
59,0,Sales,Manager,3,Yes,Travel_Rarely,1,4,2,3,1,6,4,0,3.0,High,2,High,13.93370341761296,2
45,0,Human Resources,Human Resources,1,No,Travel_Rarely,24,2,2,1,3,6,3,0,2.0,Moderate,0,Low,45.566894604818266,1
53,0,Sales,Sales Executive,3,No,Travel_Frequently,2,2,3,1,3,15,7,6,2.0,Moderate,0,Low,36.17152614957746,2
36,1,Research & Development,Laboratory Technician,2,No,Travel_Rarely,15,3,1,2,2,1,0,0,2.25,Moderate,1,Medium,45.566894604818266,1
26,1,Research & Development,Research Scientist,1,Yes,Travel_Frequently,2,1,1,2,3,3,2,1,1.75,Low,1,Medium,36.17152614957746,3
34,0,Sales,Sales Representative,1,Yes,Travel_Rarely,10,3,3,4,3,1,1,0,3.25,High,1,Medium,66.66666666666667,2
28,0,Sales,Sales Representative,1,No,Travel_Rarely,10,2,4,2,3,1,0,0,2.75,Moderate,0,Low,36.17152614957746,1
38,0,Research & Development,Research Scientist,1,No,Travel_Frequently,3,3,3,1,3,2,2,2,2.5,Moderate,0,Low,33.33333333333334,2
50,0,Research & Development,Research Director,5,Yes,Travel_Rarely,2,3,2,4,2,8,1,7,3.0,High,2,High,36.17152614957746,2
37,0,Research & Development,Healthcare Representative,2,No,Travel_Rarely,3,2,4,1,2,4,3,0,2.5,Moderate,1,Medium,16.1129507192139,1
40,0,Sales,Sales Executive,2,No,Travel_Rarely,26,1,3,2,2,7,7,7,2.25,Moderate,1,Medium,45.566894604818266,1
26,0,Research & Development,Research Scientist,1,No,Travel_Frequently,1,3,1,3,3,5,3,1,2.25,Moderate,0,Low,33.33333333333334,2
46,0,Research & Development,Research Director,5,No,Travel_Rarely,1,4,4,4,3,2,2,2,3.75,High,0,Low,66.66666666666667,1
54,0,Sales,Sales Executive,3,No,Travel_Rarely,2,3,3,2,3,9,4,7,2.5,Moderate,0,Low,66.66666666666667,1
56,0,Research & Development,Research Scientist,1,No,Travel_Frequently,9,3,1,2,3,5,4,0,2.25,Moderate,0,Low,36.17152614957746,2
36,0,Research & Development,Manufacturing Director,3,No,Travel_Rarely,12,4,4,2,2,14,8,7,3.0,High,1,Medium,23.019964108049905,1
55,0,Research & Development,Manager,4,No,Non-Travel,2,1,3,2,4,9,7,6,2.0,Moderate,0,Low,13.93370341761296,0
43,0,Sales,Sales Executive,3,No,Travel_Rarely,25,4,3,3,3,1,0,0,3.0,High,0,Low,66.66666666666667,1
20,1,Sales,Sales Representative,1,Yes,Travel_Frequently,9,4,4,2,3,2,2,0,3.25,High,1,Medium,36.17152614957746,3
21,1,Research & Development,Laboratory Technician,1,No,Travel_Rarely,10,1,3,1,2,1,0,1,1.75,Low,1,Medium,36.17152614957746,1
46,0,Research & Development,Research Scientist,2,Yes,Travel_Rarely,8,1,4,1,3,16,13,1,2.0,Moderate,1,Medium,0.0,2
51,1,Research & Development,Research Scientist,1,Yes,Travel_Rarely,4,3,1,3,4,10,0,2,2.5,Moderate,1,Medium,16.1129507192139,2
28,1,Research & Development,Healthcare Representative,3,No,Non-Travel,24,1,2,1,2,10,7,1,1.5,Low,1,Medium,61.50998205402495,0
26,0,Research & Development,Laboratory Technician,1,No,Travel_Rarely,1,1,1,1,3,5,3,1,1.25,Low,0,Low,33.33333333333334,1
30,0,Research & Development,Manufacturing Director,2,No,Travel_Rarely,20,1,3,3,2,6,2,0,2.5,Moderate,1,Medium,36.17152614957746,1
41,0,Research & Development,Research Scientist,1,No,Travel_Rarely,7,3,2,3,3,10,6,0,3.0,High,0,Low,66.66666666666667,1
38,0,Research & Development,Healthcare Representative,3,No,Travel_Rarely,17,3,3,1,2,19,9,1,2.25,Moderate,1,Medium,36.17152614957746,1
40,0,Research & Development,Healthcare Representative,3,No,Travel_Rarely,20,4,1,4,3,11,10,11,3.0,High,0,Low,5.71909584179366,1
27,0,Research & Development,Laboratory Technician,1,No,Non-Travel,8,3,1,4,3,3,2,1,2.25,Moderate,0,Low,16.1129507192139,0
55,0,Research & Development,Manufacturing Director,3,No,Travel_Frequently,2,2,4,2,3,3,2,1,2.75,Moderate,0,Low,36.17152614957746,2
28,0,Research & Development,Research Scientist,2,No,Travel_Rarely,10,3,3,4,4,8,7,1,3.25,High,0,Low,61.50998205402495,1
44,1,Human Resources,Human Resources,3,No,Travel_Rarely,1,1,2,4,3,20,6,3,2.25,Moderate,0,Low,13.93370341761296,1
33,0,Research & Development,Healthcare Representative,3,No,Travel_Rarely,5,4,4,3,3,3,2,1,3.25,High,0,Low,61.50998205402495,1
35,1,Sales,Sales Executive,3,Yes,Travel_Rarely,4,1,4,1,3,8,7,4,2.25,Moderate,1,Medium,0.0,2
33,1,Research & Development,Research Scientist,2,No,Travel_Frequently,29,3,1,2,3,13,7,3,2.0,Moderate,0,Low,36.17152614957746,2
28,0,Research & Development,Laboratory Technician,1,No,Travel_Rarely,15,3,1,4,2,4,2,2,2.75,Moderate,1,Medium,13.93370341761296,1
34,0,Research & Development,Healthcare Representative,2,No,Travel_Frequently,3,4,1,3,2,6,2,0,2.75,Moderate,1,Medium,13.93370341761296,2
37,0,Sales,Sales Executive,2,Yes,Travel_Rarely,10,4,4,3,3,1,0,0,3.25,High,1,Medium,61.50998205402495,2
25,1,Research & Development,Laboratory Technician,1,Yes,Travel_Rarely,4,4,4,2,4,7,7,5,3.25,High,1,Medium,33.33333333333334,2
26,1,Research & Development,Laboratory Technician,1,No,Travel_Rarely,21,3,1,3,2,1,1,0,2.5,Moderate,1,Medium,36.17152614957746,1
33,1,Research & Development,Research Scientist,1,Yes,Travel_Rarely,25,2,1,2,3,2,2,2,1.75,Low,1,Medium,45.566894604818266,2
42,0,Research & Development,Manager,4,No,Travel_Rarely,2,1,4,4,3,22,6,13,3.0,High,0,Low,5.71909584179366,1
28,1,Research & Development,Laboratory Technician,1,No,Travel_Frequently,1,2,1,1,3,1,0,0,1.5,Low,0,Low,36.17152614957746,2
50,1,Sales,Sales Executive,2,Yes,Travel_Frequently,1,3,4,4,3,0,0,0,3.5,High,1,Medium,61.50998205402495,3
33,0,Sales,Sales Executive,2,No,Travel_Frequently,7,2,4,3,3,3,2,0,3.0,High,0,Low,45.566894604818266,2
34,0,Research & Development,Research Scientist,1,No,Non-Travel,3,4,3,4,3,0,0,0,3.25,High,0,Low,61.50998205402495,0
48,0,Research & Development,Manager,4,No,Non-Travel,1,4,1,3,2,5,4,2,3.0,High,1,Medium,13.93370341761296,0
45,0,Sales,Sales Executive,2,No,Non-Travel,9,3,2,4,3,15,10,4,2.75,Moderate,0,Low,45.566894604818266,0
52,0,Research & Development,Healthcare Representative,3,No,Travel_Rarely,7,2,2,4,3,8,6,4,2.75,Moderate,0,Low,36.17152614957746,1
38,0,Sales,Sales Executive,3,Yes,Travel_Rarely,10,3,3,2,3,8,7,2,2.5,Moderate,1,Medium,66.66666666666667,2
29,0,Research & Development,Research Scientist,1,No,Travel_Rarely,28,4,3,1,3,7,5,1,2.75,Moderate,0,Low,16.1129507192139,1
28,0,Research & Development,Manufacturing Director,3,No,Travel_Rarely,3,2,4,2,2,9,7,1,2.75,Moderate,1,Medium,33.33333333333334,1
46,0,Sales,Manager,4,No,Travel_Rarely,3,3,1,4,3,12,9,4,2.75,Moderate,0,Low,16.1129507192139,1
38,0,Sales,Sales Executive,3,No,Travel_Rarely,2,2,4,3,3,1,0,0,3.0,High,0,Low,45.566894604818266,1
43,0,Research & Development,Manufacturing Director,3,No,Travel_Frequently,27,1,3,3,3,8,7,0,2.5,Moderate,0,Low,33.33333333333334,2
39,1,Research & Development,Healthcare Representative,4,No,Travel_Frequently,2,4,1,4,3,18,7,11,3.0,High,0,Low,5.71909584179366,2
40,0,Research & Development,Research Director,5,No,Travel_Rarely,14,3,3,1,4,20,7,4,2.25,Moderate,0,Low,16.1129507192139,1
21,0,Research & Development,Research Scientist,1,Yes,Travel_Rarely,1,2,4,3,4,2,2,2,2.75,Moderate,1,Medium,36.17152614957746,2
39,0,Research & Development,Laboratory Technician,2,No,Non-Travel,9,2,3,3,2,5,4,0,2.75,Moderate,1,Medium,61.50998205402495,0
36,0,Research & Development,Manufacturing Director,2,No,Non-Travel,18,4,1,1,3,11,9,0,2.25,Moderate,0,Low,0.0,0
31,0,Sales,Sales Representative,1,No,Travel_Frequently,20,4,3,1,3,2,2,2,3.0,High,0,Low,16.1129507192139,2
28,0,Research & Development,Research Scientist,1,No,Travel_Rarely,2,2,1,1,1,5,3,0,1.5,Low,1,Medium,66.66666666666667,1
35,0,Sales,Sales Executive,2,No,Travel_Frequently,11,4,4,4,3,5,2,0,3.75,High,0,Low,66.66666666666667,2
49,0,Sales,Sales Executive,4,No,Travel_Rarely,8,2,4,2,3,9,8,2,2.5,Moderate,0,Low,36.17152614957746,1
34,0,Research & Development,Manufacturing Director,2,No,Travel_Frequently,2,3,4,4,2,3,2,0,3.5,High,1,Medium,36.17152614957746,2
29,0,Research & Development,Research Scientist,1,No,Travel_Frequently,10,2,4,4,2,7,5,1,3.25,High,1,Medium,23.019964108049905,2
42,0,Research & Development,Laboratory Technician,2,No,Travel_Rarely,29,4,2,1,3,1,0,0,2.0,Moderate,0,Low,13.93370341761296,1
29,0,Research & Development,Manufacturing Director,2,Yes,Travel_Rarely,8,4,2,3,2,10,7,1,2.75,Moderate,2,High,36.17152614957746,2
38,0,Human Resources,Human Resources,1,No,Travel_Rarely,1,3,3,4,4,7,6,5,3.5,High,0,Low,61.50998205402495,1
28,0,Research & Development,Research Scientist,1,Yes,Travel_Frequently,6,3,3,4,3,3,1,0,3.0,High,1,Medium,66.66666666666667,3
18,1,Research & Development,Laboratory Technician,1,No,Non-Travel,8,3,3,4,3,0,0,0,3.25,High,0,Low,66.66666666666667,0
33,1,Sales,Sales Executive,2,Yes,Travel_Rarely,9,1,1,1,3,5,2,0,1.5,Low,1,Medium,33.33333333333334,2
41,0,Research & Development,Laboratory Technician,1,Yes,Travel_Rarely,12,4,2,1,3,1,0,0,2.5,Moderate,1,Medium,13.93370341761296,2
31,1,Research & Development,Laboratory Technician,1,No,Travel_Frequently,15,3,3,3,2,2,2,2,3.0,High,1,Medium,66.66666666666667,2
37,0,Research & Development,Healthcare Representative,2,No,Travel_Rarely,25,4,3,3,3,6,2,1,3.0,High,0,Low,66.66666666666667,1
27,0,Research & Development,Research Scientist,1,No,Travel_Rarely,6,3,4,3,3,4,2,2,3.0,High,0,Low,66.66666666666667,1
34,0,Sales,Sales Executive,2,No,Travel_Rarely,9,3,2,1,2,6,5,1,2.25,Moderate,1,Medium,45.566894604818266,1
35,0,Human Resources,Human Resources,1,No,Travel_Rarely,8,3,3,2,1,5,4,1,2.75,Moderate,1,Medium,36.17152614957746,1
29,1,Sales,Sales Executive,3,No,Travel_Rarely,23,1,4,1,1,11,8,3,2.0,Moderate,1,Medium,0.0,1
40,0,Research & Development,Research Director,3,No,Travel_Frequently,9,3,2,3,2,18,7,2,2.75,Moderate,1,Medium,61.50998205402495,2
42,1,Sales,Sales Executive,4,Yes,Travel_Frequently,12,1,3,2,2,21,9,13,2.25,Moderate,2,High,45.566894604818266,3
42,0,Sales,Sales Executive,2,No,Travel_Rarely,4,1,2,4,4,6,4,1,2.5,Moderate,0,Low,0.0,1
35,0,Research & Development,Laboratory Technician,1,No,Travel_Rarely,1,3,4,2,3,8,0,1,2.75,Moderate,0,Low,45.566894604818266,1
24,0,Research & Development,Laboratory Technician,1,No,Travel_Rarely,24,2,4,4,3,4,3,1,3.25,High,0,Low,36.17152614957746,1
28,1,Research & Development,Laboratory Technician,1,Yes,Travel_Rarely,12,4,3,4,2,1,1,0,3.5,High,2,High,36.17152614957746,2
26,0,Research & Development,Laboratory Technician,1,No,Travel_Rarely,3,4,1,2,3,8,7,0,2.75,Moderate,0,Low,13.93370341761296,1
30,0,Sales,Sales Executive,2,No,Travel_Rarely,10,3,3,1,3,10,3,1,2.25,Moderate,0,Low,33.33333333333334,1
40,0,Research & Development,Research Scientist,2,Yes,Travel_Frequently,26,4,3,4,1,1,1,0,3.25,High,2,High,5.71909584179366,3
35,0,Research & Development,Manufacturing Director,3,No,Travel_Rarely,2,2,3,2,4,7,7,6,2.25,Moderate,0,Low,36.17152614957746,1
34,0,Research & Development,Healthcare Representative,2,No,Travel_Frequently,1,1,4,3,3,13,9,4,2.5,Moderate,0,Low,16.1129507192139,2
35,0,Research & Development,Laboratory Technician,1,No,Travel_Frequently,4,4,4,2,4,2,2,2,3.0,High,0,Low,33.33333333333334,2
43,1,Sales,Sales Executive,2,No,Travel_Rarely,9,3,1,2,2,4,3,1,1.75,Low,1,Medium,45.566894604818266,1
32,0,Sales,Sales Representative,1,No,Non-Travel,2,1,3,3,3,1,0,0,2.5,Moderate,0,Low,33.33333333333334,0
56,0,Research & Development,Manager,5,No,Travel_Rarely,4,1,4,4,3,5,2,4,3.0,High,0,Low,5.71909584179366,1
29,0,Research & Development,Laboratory Technician,1,No,Travel_Rarely,6,4,2,1,3,10,8,0,2.5,Moderate,0,Low,13.93370341761296,1
19,0,Research & Development,Research Scientist,1,No,Travel_Rarely,9,1,3,3,3,1,1,0,2.5,Moderate,0,Low,33.33333333333334,1
45,0,Research & Development,Research Scientist,1,Yes,Travel_Rarely,7,3,1,3,2,3,2,0,2.5,Moderate,2,High,36.17152614957746,2
37,0,Research & Development,Manufacturing Director,2,No,Travel_Rarely,1,4,4,2,2,14,8,3,3.0,High,1,Medium,23.019964108049905,1
20,0,Research & Development,Laboratory Technician,1,No,Travel_Rarely,3,3,1,1,2,2,2,1,1.75,Low,1,Medium,36.17152614957746,1
44,1,Research & Development,Research Scientist,1,Yes,Travel_Rarely,10,3,3,3,3,6,4,0,3.0,High,1,Medium,100.0,2
53,0,Research & Development,Manager,5,No,Travel_Rarely,7,3,4,2,3,7,7,4,3.0,High,0,Low,45.566894604818266,1
29,0,Research & Development,Research Scientist,1,Yes,Travel_Rarely,15,4,2,1,2,5,4,1,2.0,Moderate,2,High,16.1129507192139,2
22,1,Research & Development,Research Scientist,1,Yes,Travel_Frequently,3,4,3,2,3,0,0,0,2.75,Moderate,1,Medium,45.566894604818266,3
46,0,Sales,Manager,4,No,Travel_Rarely,2,1,3,1,3,26,15,15,2.0,Moderate,0,Low,23.019964108049905,1
44,0,Research & Development,Research Scientist,1,No,Non-Travel,17,3,4,4,3,0,0,0,3.0,High,0,Low,61.50998205402495,0
33,0,Human Resources,Human Resources,1,No,Travel_Rarely,2,3,2,4,3,5,4,1,3.0,High,0,Low,45.566894604818266,1
41,1,Research & Development,Research Scientist,1,No,Non-Travel,5,1,1,1,1,1,0,0,1.25,Low,1,Medium,100.0,0
30,0,Sales,Sales Executive,2,No,Travel_Rarely,29,1,3,3,3,4,3,0,2.5,Moderate,0,Low,33.33333333333334,1
40,0,Sales,Sales Executive,2,No,Travel_Frequently,2,2,2,4,3,0,0,0,2.75,Moderate,0,Low,36.17152614957746,2
50,0,Research & Development,Manager,4,No,Travel_Frequently,2,1,4,3,3,2,2,2,2.75,Moderate,0,Low,16.1129507192139,2
28,0,Research & Development,Laboratory Technician,1,No,Travel_Rarely,19,1,4,3,3,6,5,3,2.5,Moderate,0,Low,16.1129507192139,1
46,0,Research & Development,Research Director,5,No,Travel_Rarely,15,2,4,1,3,4,2,0,2.5,Moderate,0,Low,13.93370341761296,1
35,0,Sales,Sales Executive,2,Yes,Travel_Rarely,17,1,3,4,3,7,7,1,2.75,Moderate,1,Medium,16.1129507192139,2
24,1,Research & Development,Laboratory Technician,1,No,Travel_Rarely,17,2,4,1,1,1,0,0,2.5,Moderate,1,Medium,5.71909584179366,1
33,0,Sales,Sales Executive,2,No,Travel_Frequently,25,3,2,1,2,10,7,0,2.25,Moderate,1,Medium,45.566894604818266,2
36,0,Research & Development,Laboratory Technician,1,No,Travel_Rarely,6,3,3,3,3,7,7,1,2.5,Moderate,0,Low,100.0,1
30,0,Research & Development,Laboratory Technician,2,No,Travel_Rarely,7,3,3,1,2,10,7,8,2.5,Moderate,1,Medium,36.17152614957746,1
44,0,Research & Development,Research Scientist,2,No,Travel_Rarely,29,4,4,2,3,20,11,13,3.25,High,0,Low,36.17152614957746,1
20,0,Sales,Sales Representative,1,No,Travel_Rarely,21,4,3,4,3,2,1,2,3.75,High,0,Low,61.50998205402495,1
46,0,Research & Development,Manufacturing Director,2,No,Travel_Rarely,2,4,4,3,2,6,3,1,3.5,High,1,Medium,36.17152614957746,1
42,0,Human Resources,Human Resources,2,No,Non-Travel,2,1,4,1,4,4,3,0,2.5,Moderate,0,Low,0.0,0
60,0,Sales,Sales Executive,2,Yes,Travel_Rarely,7,4,2,2,3,11,7,1,3.0,High,1,Medium,36.17152614957746,2
32,0,Research & Development,Laboratory Technician,1,No,Travel_Frequently,13,2,3,3,3,2,2,2,2.5,Moderate,0,Low,66.66666666666667,2
32,0,Research & Development,Research Scientist,2,Yes,Travel_Frequently,2,3,4,4,3,8,7,0,3.5,High,1,Medium,61.50998205402495,3
36,0,Research & Development,Manufacturing Director,3,Yes,Travel_Rarely,1,1,3,3,3,7,7,7,2.0,Moderate,1,Medium,33.33333333333334,2
33,0,Research & Development,Research Scientist,1,No,Travel_Rarely,9,4,1,2,3,14,10,4,2.5,Moderate,0,Low,13.93370341761296,1
40,0,Sales,Sales Executive,2,No,Travel_Rarely,10,2,2,2,4,5,1,1,2.0,Moderate,0,Low,33.33333333333334,1
25,0,Sales,Sales Executive,2,No,Travel_Rarely,10,4,3,2,3,4,3,1,3.0,High,0,Low,45.566894604818266,1
30,0,Research & Development,Research Scientist,1,Yes,Travel_Rarely,1,2,4,1,3,11,9,5,2.5,Moderate,1,Medium,13.93370341761296,2
42,0,Research & Development,Research Director,3,Yes,Travel_Frequently,26,1,1,3,3,1,0,0,2.0,Moderate,1,Medium,23.019964108049905,3
35,0,Sales,Sales Executive,3,Yes,Non-Travel,8,4,3,2,2,13,2,4,2.75,Moderate,2,High,36.17152614957746,1
27,0,Research & Development,Research Scientist,1,Yes,Travel_Rarely,14,1,1,4,2,9,7,6,2.25,Moderate,2,High,5.71909584179366,2
54,0,Research & Development,Manufacturing Director,3,No,Travel_Frequently,1,3,4,1,1,5,4,1,2.75,Moderate,1,Medium,0.0,2
44,0,Research & Development,Research Scientist,1,No,Travel_Rarely,2,4,1,4,3,10,5,7,3.25,High,0,Low,5.71909584179366,1
19,1,Research & Development,Research Scientist,1,Yes,Non-Travel,10,2,1,2,4,1,1,0,1.75,Low,1,Medium,16.1129507192139,1
29,0,Research & Development,Research Scientist,1,No,Travel_Rarely,1,4,1,1,3,3,2,1,2.25,Moderate,0,Low,0.0,1
54,0,Research & Development,Research Director,4,No,Travel_Rarely,3,4,4,1,3,10,9,0,3.0,High,0,Low,5.71909584179366,1
31,0,Research & Development,Healthcare Representative,2,Yes,Travel_Rarely,11,1,3,4,2,6,5,0,2.75,Moderate,2,High,13.93370341761296,2
31,0,Research & Development,Healthcare Representative,2,No,Travel_Rarely,24,1,3,2,3,10,9,1,2.0,Moderate,0,Low,36.17152614957746,1
59,0,Sales,Sales Executive,2,No,Travel_Rarely,3,4,3,4,3,6,1,0,3.25,High,0,Low,61.50998205402495,1
43,0,Research & Development,Research Director,5,No,Travel_Rarely,3,4,3,2,3,8,7,0,2.5,Moderate,0,Low,45.566894604818266,1
49,0,Research & Development,Manager,5,No,Travel_Rarely,4,3,1,3,4,1,0,0,2.25,Moderate,0,Low,16.1129507192139,1
36,0,Research & Development,Research Scientist,1,No,Travel_Frequently,3,2,3,3,2,11,10,0,2.75,Moderate,1,Medium,61.50998205402495,2
48,0,Research & Development,Laboratory Technician,1,No,Travel_Rarely,2,2,4,3,2,1,0,0,3.25,High,1,Medium,36.17152614957746,1
27,0,Research & Development,Research Scientist,1,No,Travel_Rarely,4,3,1,2,3,5,3,0,2.25,Moderate,0,Low,36.17152614957746,1
29,0,Research & Development,Healthcare Representative,2,Yes,Travel_Rarely,7,4,3,2,3,6,0,1,3.0,High,1,Medium,45.566894604818266,2
48,0,Research & Development,Research Director,5,No,Travel_Rarely,1,4,4,3,4,1,0,0,3.25,High,0,Low,66.66666666666667,1
29,0,Research & Development,Research Director,4,No,Travel_Rarely,1,4,4,2,2,7,7,1,3.0,High,1,Medium,23.019964108049905,1
34,0,Research & Development,Research Scientist,1,No,Travel_Rarely,20,3,3,4,2,1,0,0,3.5,High,1,Medium,45.566894604818266,1
44,0,Sales,Manager,5,No,Travel_Rarely,5,2,2,3,3,22,9,3,2.5,Moderate,0,Low,61.50998205402495,1
33,0,Sales,Sales Executive,3,Yes,Travel_Rarely,10,3,4,4,3,9,8,0,3.75,High,1,Medium,61.50998205402495,2
19,0,Research & Development,Research Scientist,1,Yes,Travel_Rarely,25,4,2,4,3,1,0,0,3.5,High,1,Medium,36.17152614957746,2
23,0,Research & Development,Research Scientist,1,No,Travel_Rarely,1,3,4,4,3,1,0,0,3.5,High,0,Low,61.50998205402495,1
25,1,Sales,Sales Representative,1,Yes,Travel_Frequently,24,4,3,4,3,1,0,1,3.0,High,1,Medium,61.50998205402495,3
26,0,Research & Development,Research Scientist,1,Yes,Travel_Rarely,4,4,3,2,2,8,5,2,3.0,High,2,High,36.17152614957746,2
45,1,Sales,Manager,5,Yes,Travel_Rarely,2,2,1,1,3,24,10,1,1.25,Low,1,Medium,36.17152614957746,2
55,0,Research & Development,Healthcare Representative,4,Yes,Non-Travel,8,2,4,4,3,33,9,15,3.0,High,1,Medium,36.17152614957746,1
21,1,Research & Development,Laboratory Technician,1,No,Travel_Frequently,10,3,1,3,1,2,2,2,2.25,Moderate,1,Medium,23.019964108049905,2
46,0,Sales,Manager,5,No,Travel_Rarely,4,2,4,3,3,11,4,0,2.75,Moderate,0,Low,45.566894604818266,1
34,0,Sales,Sales Executive,2,Yes,Travel_Rarely,2,1,3,4,3,3,2,0,2.75,Moderate,1,Medium,16.1129507192139,2
51,0,Sales,Manager,5,Yes,Travel_Frequently,9,2,4,1,2,29,10,11,2.5,Moderate,2,High,16.1129507192139,3
59,0,Research & Development,Manufacturing Director,3,No,Travel_Rarely,18,4,4,4,2,9,7,5,3.75,High,1,Medium,33.33333333333334,1
34,0,Research & Development,Laboratory Technician,2,No,Travel_Frequently,19,2,3,3,4,11,8,5,2.75,Moderate,0,Low,45.566894604818266,2
28,0,Research & Development,Laboratory Technician,1,Yes,Travel_Frequently,1,3,4,3,2,4,2,0,3.25,High,2,High,45.566894604818266,3
44,0,Research & Development,Manager,5,No,Travel_Rarely,4,1,3,4,2,25,9,14,3.0,High,1,Medium,13.93370341761296,1
34,0,Human Resources,Human Resources,2,No,Travel_Frequently,11,2,3,4,4,10,9,1,2.75,Moderate,0,Low,36.17152614957746,2
35,0,Research & Development,Research Scientist,1,Yes,Travel_Rarely,6,3,3,4,3,3,2,2,3.25,High,1,Medium,66.66666666666667,2
42,0,Research & Development,Research Scientist,2,Yes,Travel_Rarely,7,2,2,4,3,1,0,0,3.0,High,1,Medium,36.17152614957746,2
43,0,Sales,Sales Executive,3,No,Travel_Rarely,4,4,4,4,4,21,7,15,3.5,High,0,Low,100.0,1
36,0,Research & Development,Manufacturing Director,2,Yes,Travel_Rarely,2,2,3,4,3,16,14,5,3.0,High,1,Medium,45.566894604818266,2
44,1,Research & Development,Healthcare Representative,3,No,Travel_Rarely,15,4,1,4,3,10,7,0,3.0,High,0,Low,5.71909584179366,1
28,0,Research & Development,Laboratory Technician,1,Yes,Travel_Frequently,2,4,4,2,3,2,2,2,3.0,High,1,Medium,36.17152614957746,3
51,0,Research & Development,Laboratory Technician,1,No,Travel_Frequently,6,3,2,2,2,7,0,7,2.25,Moderate,1,Medium,66.66666666666667,2
30,0,Research & Development,Manufacturing Director,2,Yes,Non-Travel,9,3,3,3,3,8,4,1,3.0,High,1,Medium,100.0,1
29,1,Research & Development,Laboratory Technician,1,Yes,Travel_Rarely,7,3,2,1,3,7,7,7,2.25,Moderate,1,Medium,36.17152614957746,2
28,0,Research & Development,Research Scientist,1,No,Travel_Rarely,1,1,4,2,2,3,2,1,2.5,Moderate,1,Medium,16.1129507192139,1
25,0,Research & Development,Research Scientist,1,No,Travel_Rarely,1,2,4,4,2,2,2,2,3.25,High,1,Medium,23.019964108049905,1
32,0,Sales,Sales Executive,2,No,Travel_Rarely,8,4,3,3,4,10,7,0,3.5,High,0,Low,61.50998205402495,1
45,0,Research & Development,Manager,5,No,Travel_Frequently,25,2,2,3,3,0,0,0,2.5,Moderate,0,Low,61.50998205402495,2
39,0,Research & Development,Manager,4,Yes,Travel_Rarely,13,2,3,4,3,19,9,15,2.75,Moderate,1,Medium,45.566894604818266,2
58,0,Research & Development,Research Scientist,1,No,Travel_Rarely,23,3,1,4,3,2,2,2,2.75,Moderate,0,Low,16.1129507192139,1
32,1,Research & Development,Laboratory Technician,2,No,Travel_Rarely,7,3,4,1,3,10,4,1,2.75,Moderate,0,Low,16.1129507192139,1
39,1,Research & Development,Research Scientist,1,No,Travel_Rarely,23,1,3,1,3,5,2,0,2.0,Moderate,0,Low,23.019964108049905,1
30,0,Research & Development,Laboratory Technician,2,No,Travel_Rarely,6,4,1,1,3,9,2,6,2.0,Moderate,0,Low,0.0,1
36,0,Research & Development,Healthcare Representative,3,No,Travel_Rarely,10,3,4,1,3,7,7,1,2.75,Moderate,0,Low,16.1129507192139,1
46,0,Human Resources,Human Resources,1,No,Travel_Rarely,1,1,4,3,4,7,6,5,2.75,Moderate,0,Low,5.71909584179366,1
28,0,Research & Development,Laboratory Technician,2,No,Non-Travel,1,4,3,1,3,9,8,7,2.25,Moderate,0,Low,16.1129507192139,0
50,0,Research & Development,Research Director,4,Yes,Travel_Rarely,28,1,4,2,3,3,2,1,2.5,Moderate,1,Medium,13.93370341761296,2
40,1,Sales,Sales Executive,3,Yes,Travel_Rarely,25,2,4,3,3,5,4,1,2.75,Moderate,1,Medium,45.566894604818266,2
52,1,Sales,Sales Executive,3,Yes,Travel_Rarely,5,2,2,3,2,8,7,7,2.5,Moderate,2,High,66.66666666666667,2
30,0,Research & Development,Manager,3,Yes,Travel_Rarely,17,1,2,4,3,9,1,0,2.5,Moderate,1,Medium,13.93370341761296,2
39,0,Research & Development,Manufacturing Director,2,No,Travel_Rarely,18,3,1,1,3,8,7,1,2.0,Moderate,0,Low,23.019964108049905,1
31,0,Sales,Sales Executive,3,Yes,Non-Travel,2,3,4,1,2,10,8,9,2.75,Moderate,2,High,13.93370341761296,1
41,0,Sales,Sales Executive,2,No,Non-Travel,10,2,3,1,3,19,2,11,1.75,Low,0,Low,36.17152614957746,0
31,1,Sales,Sales Representative,1,Yes,Travel_Frequently,1,2,4,1,4,3,2,2,2.5,Moderate,1,Medium,0.0,3
44,1,Research & Development,Laboratory Technician,1,No,Travel_Rarely,3,1,1,3,4,3,2,1,2.0,Moderate,0,Low,0.0,1
42,0,Research & Development,Manager,4,Yes,Non-Travel,2,3,3,4,2,20,8,2,3.25,High,2,High,45.566894604818266,1
55,0,Research & Development,Manager,5,No,Travel_Rarely,2,3,4,4,3,19,9,9,3.0,High,0,Low,61.50998205402495,1
56,0,Human Resources,Manager,5,No,Travel_Rarely,8,2,4,1,3,7,3,7,2.5,Moderate,0,Low,13.93370341761296,1
40,0,Research & Development,Research Scientist,1,No,Non-Travel,16,3,3,2,3,4,2,0,2.75,Moderate,0,Low,66.66666666666667,0
34,0,Research & Development,Healthcare Representative,3,No,Travel_Rarely,9,4,4,4,2,9,7,1,3.75,High,1,Medium,33.33333333333334,1
40,0,Research & Development,Research Scientist,2,No,Travel_Rarely,2,4,3,3,3,9,8,8,3.25,High,0,Low,66.66666666666667,1
41,0,Sales,Sales Executive,2,No,Travel_Frequently,1,1,3,4,3,9,3,1,2.75,Moderate,0,Low,16.1129507192139,2
35,0,Research & Development,Research Scientist,2,Yes,Travel_Frequently,4,3,3,2,3,9,6,1,2.75,Moderate,1,Medium,66.66666666666667,3
51,0,Human Resources,Manager,4,Yes,Travel_Rarely,5,2,3,2,3,33,9,0,2.5,Moderate,1,Medium,61.50998205402495,2
38,0,Sales,Sales Executive,2,No,Travel_Rarely,2,1,2,4,3,7,7,1,2.5,Moderate,0,Low,13.93370341761296,1
34,0,Sales,Sales Executive,2,No,Travel_Rarely,15,1,3,4,4,10,8,9,2.75,Moderate,0,Low,5.71909584179366,1
25,0,Research & Development,Laboratory Technician,1,No,Travel_Rarely,19,4,4,3,2,3,2,1,3.5,High,1,Medium,36.17152614957746,1
58,1,Research & Development,Manufacturing Director,3,Yes,Travel_Rarely,7,1,3,4,2,10,9,5,2.5,Moderate,2,High,13.93370341761296,2
40,0,Research & Development,Laboratory Technician,1,No,Travel_Rarely,1,2,2,3,3,4,2,0,2.5,Moderate,0,Low,61.50998205402495,1
36,0,Sales,Sales Executive,2,No,Travel_Frequently,7,1,1,4,2,15,7,6,2.5,Moderate,1,Medium,5.71909584179366,2
48,0,Research & Development,Manufacturing Director,3,No,Travel_Rarely,4,4,4,3,3,10,9,0,3.5,High,0,Low,61.50998205402495,1
27,0,Sales,Sales Representative,1,No,Travel_Rarely,11,4,3,2,3,1,0,0,3.25,High,0,Low,45.566894604818266,1
51,0,Research & Development,Manufacturing Director,4,No,Travel_Rarely,11,2,4,2,2,5,2,0,2.5,Moderate,1,Medium,33.33333333333334,1
18,0,Research & Development,Laboratory Technician,1,No,Non-Travel,1,4,4,3,4,0,0,0,3.5,High,0,Low,66.66666666666667,0
35,0,Research & Development,Laboratory Technician,2,No,Travel_Rarely,1,4,4,2,3,9,7,0,3.0,High,0,Low,36.17152614957746,1
27,0,Sales,Sales Executive,2,No,Travel_Frequently,2,4,4,2,3,6,2,0,2.75,Moderate,0,Low,36.17152614957746,2
55,1,Sales,Sales Executive,4,Yes,Travel_Rarely,13,3,1,3,2,19,7,3,2.75,Moderate,2,High,36.17152614957746,2
56,0,Research & Development,Manufacturing Director,4,Yes,Travel_Rarely,23,2,4,1,3,19,16,15,2.5,Moderate,1,Medium,13.93370341761296,2
34,0,Research & Development,Research Scientist,1,No,Non-Travel,26,3,1,3,3,5,4,0,2.25,Moderate,0,Low,33.33333333333334,0
40,0,Research & Development,Healthcare Representative,2,No,Travel_Rarely,2,3,2,2,3,12,11,11,2.75,Moderate,0,Low,61.50998205402495,1
34,0,Research & Development,Laboratory Technician,2,No,Travel_Rarely,29,3,2,1,3,8,7,7,2.25,Moderate,0,Low,36.17152614957746,1
31,1,Sales,Sales Representative,1,No,Travel_Frequently,2,4,3,3,4,1,0,0,3.0,High,0,Low,61.50998205402495,2
35,1,Sales,Sales Executive,2,Yes,Travel_Frequently,18,3,4,3,2,4,2,3,3.25,High,2,High,45.566894604818266,3
38,0,Research & Development,Research Scientist,1,No,Travel_Frequently,7,3,4,4,3,4,2,0,3.75,High,0,Low,61.50998205402495,2
34,0,Research & Development,Healthcare Representative,2,No,Travel_Rarely,2,4,3,4,4,14,11,4,3.5,High,0,Low,66.66666666666667,1
28,0,Sales,Sales Executive,2,No,Travel_Rarely,26,1,3,3,3,5,3,0,2.25,Moderate,0,Low,33.33333333333334,1
31,1,Research & Development,Manufacturing Director,2,Yes,Travel_Rarely,22,3,4,4,2,10,2,6,3.5,High,2,High,36.17152614957746,2
39,0,Sales,Sales Executive,2,Yes,Travel_Rarely,21,4,1,4,4,5,4,1,2.75,Moderate,1,Medium,0.0,2
51,0,Sales,Sales Executive,3,No,Travel_Frequently,2,2,2,2,3,4,2,3,2.25,Moderate,0,Low,66.66666666666667,2
41,0,Research & Development,Research Scientist,2,Yes,Travel_Frequently,22,4,4,1,2,6,2,3,3.0,High,2,High,0.0,3
37,0,Research & Development,Research Scientist,1,Yes,Travel_Rarely,4,3,3,4,3,6,4,1,3.25,High,1,Medium,66.66666666666667,2
33,0,Sales,Sales Executive,2,No,Travel_Frequently,5,4,2,1,4,5,4,1,2.5,Moderate,0,Low,0.0,2
32,0,Sales,Sales Executive,2,Yes,Travel_Rarely,2,2,3,1,2,3,2,1,2.25,Moderate,2,High,45.566894604818266,2
39,0,Research & Development,Healthcare Representative,3,No,Non-Travel,25,3,3,2,3,6,4,0,2.75,Moderate,0,Low,66.66666666666667,0
25,0,Sales,Sales Executive,2,No,Travel_Rarely,18,3,1,2,2,3,2,1,2.5,Moderate,1,Medium,45.566894604818266,1
52,0,Research & Development,Manufacturing Director,4,Yes,Travel_Frequently,28,3,4,2,2,5,3,0,3.25,High,2,High,36.17152614957746,3
43,0,Research & Development,Research Scientist,2,Yes,Travel_Rarely,6,3,1,1,1,20,7,1,1.75,Low,2,High,33.33333333333334,2
27,0,Sales,Sales Executive,2,Yes,Travel_Rarely,10,4,4,4,3,6,2,4,3.5,High,1,Medium,66.66666666666667,2
27,1,Research & Development,Research Scientist,1,Yes,Travel_Rarely,17,3,4,4,3,8,2,7,3.5,High,1,Medium,61.50998205402495,2
26,0,Research & Development,Research Scientist,1,No,Travel_Rarely,2,4,1,4,3,4,3,1,2.75,Moderate,0,Low,5.71909584179366,1
42,0,Human Resources,Manager,4,No,Travel_Rarely,10,1,3,3,3,20,7,0,2.5,Moderate,0,Low,33.33333333333334,1
52,0,Research & Development,Laboratory Technician,1,No,Travel_Rarely,8,1,3,3,1,5,4,0,2.5,Moderate,1,Medium,23.019964108049905,1
37,0,Research & Development,Laboratory Technician,1,No,Travel_Rarely,11,3,1,1,3,3,2,0,2.0,Moderate,0,Low,23.019964108049905,1
35,0,Research & Development,Manufacturing Director,3,No,Travel_Frequently,18,4,3,3,3,2,2,2,3.25,High,0,Low,66.66666666666667,2
25,0,Research & Development,Laboratory Technician,1,No,Travel_Rarely,1,4,1,2,2,3,2,0,2.5,Moderate,1,Medium,16.1129507192139,1
26,0,Research & Development,Laboratory Technician,1,No,Travel_Rarely,7,1,3,4,3,7,7,0,3.0,High,0,Low,16.1129507192139,1
29,0,Human Resources,Human Resources,3,No,Travel_Rarely,17,1,2,1,2,10,9,0,1.5,Low,1,Medium,61.50998205402495,1
49,1,Research & Development,Laboratory Technician,2,No,Travel_Frequently,28,1,1,1,3,4,3,1,1.25,Low,0,Low,33.33333333333334,2
29,1,Research & Development,Healthcare Representative,3,Yes,Travel_Frequently,14,4,3,1,3,8,7,7,2.75,Moderate,1,Medium,16.1129507192139,3
54,0,Research & Development,Research Director,4,No,Travel_Rarely,1,4,4,4,2,20,7,12,3.75,High,1,Medium,33.33333333333334,1
58,0,Research & Development,Research Director,5,Yes,Travel_Rarely,1,1,4,3,3,9,8,1,2.75,Moderate,1,Medium,16.1129507192139,2
55,0,Research & Development,Research Director,4,No,Travel_Rarely,1,4,2,4,4,7,7,0,3.5,High,0,Low,33.33333333333334,1
36,0,Sales,Sales Executive,2,Yes,Travel_Rarely,3,2,1,4,3,5,4,0,2.5,Moderate,1,Medium,13.93370341761296,2
31,1,Sales,Sales Representative,1,No,Travel_Frequently,1,3,2,2,3,1,0,0,2.0,Moderate,0,Low,61.50998205402495,2
30,0,Sales,Sales Executive,2,No,Travel_Rarely,7,1,4,2,3,3,2,0,2.5,Moderate,0,Low,13.93370341761296,1
31,0,Research & Development,Research Director,4,No,Travel_Rarely,8,2,1,3,4,3,2,1,2.25,Moderate,0,Low,13.93370341761296,1
34,0,Research & Development,Research Scientist,1,No,Travel_Frequently,1,1,4,3,3,4,3,1,2.75,Moderate,0,Low,16.1129507192139,2
31,1,Research & Development,Research Scientist,1,No,Travel_Rarely,8,2,1,3,4,1,0,0,2.0,Moderate,0,Low,13.93370341761296,1
27,0,Research & Development,Laboratory Technician,1,No,Travel_Rarely,11,1,2,2,4,5,0,1,2.0,Moderate,0,Low,16.1129507192139,1
36,0,Research & Development,Laboratory Technician,2,No,Travel_Rarely,4,4,1,3,2,10,4,1,2.5,Moderate,1,Medium,13.93370341761296,1
36,0,Sales,Sales Executive,2,No,Travel_Rarely,16,1,3,1,2,3,2,0,1.75,Low,1,Medium,36.17152614957746,1
47,0,Research & Development,Research Scientist,1,No,Travel_Rarely,1,4,1,3,2,6,5,1,2.75,Moderate,1,Medium,13.93370341761296,1
25,1,Sales,Sales Representative,1,No,Travel_Rarely,9,1,1,1,3,3,2,2,1.25,Low,0,Low,33.33333333333334,1
37,0,Research & Development,Laboratory Technician,1,No,Non-Travel,5,3,3,1,1,6,5,1,2.75,Moderate,1,Medium,23.019964108049905,0
56,0,Research & Development,Research Scientist,1,No,Travel_Rarely,1,1,1,4,4,3,2,1,2.25,Moderate,0,Low,0.0,1
47,0,Research & Development,Research Director,4,No,Travel_Rarely,2,3,1,2,4,20,17,5,2.25,Moderate,0,Low,13.93370341761296,1
24,0,Sales,Sales Executive,2,Yes,Travel_Rarely,4,3,4,3,3,5,4,0,3.25,High,1,Medium,66.66666666666667,2
32,0,Sales,Sales Executive,2,No,Travel_Rarely,7,4,4,3,2,4,3,0,3.5,High,1,Medium,36.17152614957746,1
34,0,Research & Development,Laboratory Technician,1,No,Travel_Rarely,1,2,4,1,2,5,4,0,2.25,Moderate,1,Medium,16.1129507192139,1
41,0,Research & Development,Research Scientist,1,Yes,Travel_Rarely,5,3,2,1,2,4,2,0,2.5,Moderate,2,High,45.566894604818266,2
40,0,Research & Development,Laboratory Technician,2,No,Non-Travel,9,3,3,3,4,8,7,0,3.0,High,0,Low,66.66666666666667,0
31,0,Sales,Sales Executive,3,No,Travel_Rarely,8,4,1,1,3,13,7,9,2.25,Moderate,0,Low,0.0,1
46,1,Sales,Sales Executive,3,No,Travel_Rarely,9,4,1,1,4,7,7,4,2.25,Moderate,0,Low,0.0,1
39,1,Research & Development,Laboratory Technician,1,Yes,Non-Travel,2,1,1,2,4,1,0,0,1.5,Low,1,Medium,5.71909584179366,1
31,1,Research & Development,Manufacturing Director,3,No,Travel_Frequently,1,2,3,1,3,10,8,4,2.5,Moderate,0,Low,36.17152614957746,2
45,0,Research & Development,Healthcare Representative,3,Yes,Travel_Rarely,20,1,2,2,3,7,7,0,1.5,Low,1,Medium,45.566894604818266,2
31,0,Human Resources,Human Resources,1,No,Travel_Rarely,8,2,4,4,3,3,2,0,3.5,High,0,Low,36.17152614957746,1
31,1,Research & Development,Laboratory Technician,1,Yes,Travel_Frequently,2,4,2,3,1,2,2,2,3.0,High,2,High,13.93370341761296,3
45,0,Research & Development,Manufacturing Director,3,Yes,Travel_Rarely,29,4,2,4,4,3,1,1,3.25,High,1,Medium,33.33333333333334,2
48,0,Sales,Sales Executive,2,No,Travel_Rarely,7,1,3,1,3,2,2,2,2.0,Moderate,0,Low,23.019964108049905,1
34,1,Human Resources,Human Resources,1,No,Travel_Rarely,9,3,1,4,3,2,2,2,2.75,Moderate,0,Low,16.1129507192139,1
40,0,Research & Development,Research Director,3,No,Non-Travel,8,2,4,3,3,9,8,4,2.75,Moderate,0,Low,45.566894604818266,0
28,0,Sales,Sales Executive,2,No,Travel_Rarely,5,1,4,4,3,5,4,1,3.0,High,0,Low,5.71909584179366,1
44,0,Research & Development,Laboratory Technician,1,No,Non-Travel,5,3,3,4,3,5,2,0,3.0,High,0,Low,66.66666666666667,0
53,0,Research & Development,Research Director,4,No,Travel_Rarely,2,2,4,2,2,9,8,8,3.0,High,1,Medium,33.33333333333334,1
49,0,Research & Development,Healthcare Representative,2,No,Travel_Rarely,5,3,1,2,2,3,2,1,2.25,Moderate,1,Medium,45.566894604818266,1
40,0,Research & Development,Research Scientist,1,No,Travel_Rarely,2,3,3,3,4,3,1,1,3.0,High,0,Low,66.66666666666667,1
44,0,Research & Development,Research Scientist,1,No,Travel_Rarely,20,2,4,3,2,5,2,1,3.0,High,1,Medium,36.17152614957746,1
33,0,Sales,Sales Executive,2,No,Travel_Frequently,7,1,4,1,3,4,3,0,2.25,Moderate,0,Low,0.0,2
34,0,Sales,Sales Executive,2,No,Travel_Rarely,3,1,4,4,3,13,9,3,2.5,Moderate,0,Low,5.71909584179366,1
30,0,Sales,Sales Executive,2,No,Travel_Rarely,16,3,4,3,2,2,1,2,3.25,High,1,Medium,45.566894604818266,1
42,0,Research & Development,Laboratory Technician,1,No,Travel_Frequently,9,4,1,3,3,12,9,5,2.75,Moderate,0,Low,16.1129507192139,2
44,0,Sales,Sales Executive,2,No,Travel_Frequently,1,3,1,3,2,1,0,0,2.5,Moderate,1,Medium,36.17152614957746,2
30,0,Research & Development,Research Scientist,1,No,Non-Travel,7,3,3,2,2,1,0,0,2.75,Moderate,1,Medium,61.50998205402495,0
57,0,Research & Development,Research Scientist,2,No,Travel_Rarely,1,3,2,1,2,12,9,2,2.5,Moderate,1,Medium,45.566894604818266,1
49,0,Research & Development,Healthcare Representative,3,No,Travel_Rarely,7,2,3,2,3,8,7,0,2.5,Moderate,0,Low,61.50998205402495,1
34,0,Research & Development,Research Director,4,No,Travel_Frequently,15,1,2,4,2,14,8,6,2.5,Moderate,1,Medium,16.1129507192139,2
28,1,Sales,Sales Representative,1,No,Travel_Frequently,1,3,1,4,4,3,2,1,2.75,Moderate,0,Low,5.71909584179366,2
29,1,Sales,Sales Executive,2,No,Travel_Frequently,13,2,1,1,1,5,3,0,1.75,Low,1,Medium,66.66666666666667,2
34,1,Sales,Sales Executive,2,Yes,Travel_Rarely,24,2,1,3,4,15,9,10,2.0,Moderate,1,Medium,13.93370341761296,2
35,0,Sales,Sales Representative,1,No,Travel_Rarely,7,3,4,1,3,1,0,0,2.75,Moderate,0,Low,16.1129507192139,1
24,1,Research & Development,Laboratory Technician,1,Yes,Travel_Frequently,9,1,2,3,2,0,0,0,2.25,Moderate,2,High,45.566894604818266,3
24,0,Sales,Sales Representative,1,No,Non-Travel,13,2,4,3,3,1,0,0,3.0,High,0,Low,45.566894604818266,0
44,0,Research & Development,Manufacturing Director,3,Yes,Travel_Frequently,2,3,2,2,2,2,2,2,2.5,Moderate,2,High,66.66666666666667,3
29,0,Sales,Sales Executive,2,No,Travel_Rarely,19,3,3,3,3,10,7,0,2.75,Moderate,0,Low,100.0,1
30,0,Human Resources,Human Resources,1,No,Travel_Rarely,1,3,3,1,4,5,3,1,2.5,Moderate,0,Low,16.1129507192139,1
55,0,Research & Development,Healthcare Representative,2,Yes,Travel_Rarely,4,3,4,2,3,3,2,1,3.0,High,1,Medium,45.566894604818266,2
33,0,Research & Development,Laboratory Technician,1,No,Travel_Rarely,4,2,1,4,3,5,4,0,2.25,Moderate,0,Low,13.93370341761296,1
47,0,Sales,Sales Executive,2,Yes,Travel_Rarely,14,3,3,3,2,5,4,1,3.0,High,2,High,66.66666666666667,2
28,1,Research & Development,Laboratory Technician,1,No,Travel_Frequently,2,1,3,3,2,0,0,0,2.25,Moderate,1,Medium,36.17152614957746,2
28,0,Research & Development,Research Scientist,1,No,Travel_Rarely,1,3,1,4,1,1,0,0,2.5,Moderate,1,Medium,0.0,1
28,0,Sales,Sales Executive,2,No,Travel_Frequently,7,1,3,4,3,4,2,1,2.75,Moderate,0,Low,16.1129507192139,2
49,0,Research & Development,Laboratory Technician,2,No,Travel_Rarely,3,1,3,1,3,3,2,1,1.75,Low,0,Low,23.019964108049905,1
29,0,Research & Development,Laboratory Technician,1,No,Travel_Frequently,2,2,4,3,3,3,2,0,3.0,High,0,Low,45.566894604818266,2
28,0,Research & Development,Manufacturing Director,2,No,Travel_Rarely,29,2,3,2,2,8,6,1,2.0,Moderate,1,Medium,66.66666666666667,1
33,0,Research & Development,Healthcare Representative,2,Yes,Travel_Rarely,8,3,4,1,3,0,0,0,2.75,Moderate,1,Medium,16.1129507192139,2
32,0,Research & Development,Manager,3,No,Travel_Rarely,10,4,3,2,4,5,2,0,3.0,High,0,Low,36.17152614957746,1
54,0,Research & Development,Manager,4,No,Travel_Frequently,11,4,2,1,3,14,9,1,2.5,Moderate,0,Low,13.93370341761296,2
29,1,Research & Development,Research Scientist,1,No,Travel_Rarely,1,1,1,3,1,9,7,0,1.75,Low,1,Medium,33.33333333333334,1
44,0,Research & Development,Research Director,4,No,Travel_Rarely,28,1,4,3,4,20,6,14,2.75,Moderate,0,Low,5.71909584179366,1
39,0,Research & Development,Manufacturing Director,3,No,Travel_Rarely,6,2,2,4,3,2,0,2,2.75,Moderate,0,Low,36.17152614957746,1
46,0,Sales,Manager,4,No,Travel_Rarely,3,2,3,4,4,13,12,5,3.0,High,0,Low,36.17152614957746,1
35,0,Research & Development,Healthcare Representative,3,No,Travel_Rarely,16,2,4,4,1,11,8,3,3.0,High,1,Medium,0.0,1
23,0,Research & Development,Laboratory Technician,2,No,Travel_Rarely,20,3,1,2,3,4,3,1,2.25,Moderate,0,Low,36.17152614957746,1
40,1,Research & Development,Laboratory Technician,1,No,Travel_Rarely,9,1,4,2,1,5,4,1,2.5,Moderate,1,Medium,5.71909584179366,1
34,0,Sales,Sales Executive,3,Yes,Travel_Rarely,1,3,4,4,3,10,9,8,3.25,High,1,Medium,61.50998205402495,2
31,1,Research & Development,Research Scientist,1,No,Travel_Frequently,3,3,4,1,1,7,2,7,2.75,Moderate,1,Medium,0.0,2
50,0,Research & Development,Research Director,4,Yes,Travel_Frequently,22,4,3,4,3,32,6,13,3.0,High,1,Medium,61.50998205402495,3
34,0,Sales,Sales Representative,1,Yes,Travel_Rarely,7,3,2,2,3,11,10,5,2.5,Moderate,1,Medium,61.50998205402495,2
42,0,Research & Development,Laboratory Technician,1,No,Travel_Rarely,2,2,3,2,3,1,0,0,2.25,Moderate,0,Low,61.50998205402495,1
37,0,Research & Development,Research Scientist,2,No,Travel_Rarely,13,4,1,1,3,10,8,3,2.25,Moderate,0,Low,0.0,1
29,0,Research & Development,Healthcare Representative,2,No,Travel_Rarely,8,1,3,3,3,7,7,0,2.0,Moderate,0,Low,33.33333333333334,1
33,0,Research & Development,Manufacturing Director,2,No,Travel_Rarely,25,2,4,4,3,5,3,0,3.0,High,0,Low,36.17152614957746,1
45,0,Research & Development,Research Scientist,1,No,Travel_Rarely,28,4,4,4,3,5,4,0,3.75,High,0,Low,66.66666666666667,1
42,0,Research & Development,Healthcare Representative,3,Yes,Travel_Frequently,2,4,4,3,1,20,8,13,3.5,High,2,High,5.71909584179366,3
40,0,Sales,Sales Executive,2,No,Travel_Rarely,9,1,1,4,4,8,4,7,2.25,Moderate,0,Low,0.0,1
33,0,Research & Development,Laboratory Technician,2,Yes,Travel_Rarely,28,3,2,2,3,15,14,5,2.5,Moderate,1,Medium,61.50998205402495,2
40,0,Human Resources,Manager,4,Yes,Travel_Rarely,6,4,3,4,3,21,7,7,3.5,High,1,Medium,61.50998205402495,2
24,0,Research & Development,Laboratory Technician,1,No,Travel_Rarely,21,1,3,2,3,1,1,0,2.0,Moderate,0,Low,36.17152614957746,1
40,0,Research & Development,Healthcare Representative,2,Yes,Non-Travel,8,4,4,3,3,2,2,2,3.5,High,1,Medium,61.50998205402495,1
45,0,Research & Development,Healthcare Representative,3,No,Travel_Rarely,1,2,1,1,3,10,8,7,1.75,Low,0,Low,36.17152614957746,1
35,0,Sales,Sales Representative,1,No,Travel_Rarely,28,3,2,1,3,5,3,4,2.0,Moderate,0,Low,36.17152614957746,1
32,0,Research & Development,Research Scientist,2,No,Travel_Rarely,5,2,4,1,3,7,1,2,2.25,Moderate,0,Low,13.93370341761296,1
36,0,Sales,Sales Representative,1,Yes,Travel_Rarely,2,4,3,4,2,3,2,1,3.5,High,2,High,36.17152614957746,2
48,0,Sales,Sales Executive,2,No,Travel_Rarely,16,3,3,3,3,8,7,7,3.0,High,0,Low,100.0,1
29,0,Research & Development,Research Scientist,1,No,Travel_Rarely,9,3,3,1,2,1,0,0,2.75,Moderate,1,Medium,36.17152614957746,1
33,0,Sales,Sales Executive,2,No,Travel_Rarely,8,1,1,4,1,2,2,2,2.25,Moderate,1,Medium,0.0,1
30,1,Sales,Sales Executive,2,No,Travel_Rarely,1,1,2,4,3,10,8,6,2.25,Moderate,0,Low,13.93370341761296,1
38,0,Human Resources,Human Resources,2,No,Travel_Frequently,10,3,3,3,3,6,3,1,3.0,High,0,Low,100.0,2
35,0,Research & Development,Laboratory Technician,1,No,Travel_Rarely,1,1,4,2,3,3,0,1,2.25,Moderate,0,Low,13.93370341761296,1
30,0,Sales,Sales Executive,3,No,Travel_Rarely,29,2,3,2,3,4,2,1,2.5,Moderate,0,Low,61.50998205402495,1
35,1,Research & Development,Laboratory Technician,1,Yes,Travel_Rarely,2,1,1,4,3,1,0,0,2.25,Moderate,1,Medium,0.0,2
53,1,Research & Development,Manufacturing Director,3,No,Travel_Rarely,2,4,3,2,3,33,7,1,2.75,Moderate,0,Low,45.566894604818266,1
38,1,Research & Development,Manufacturing Director,2,No,Travel_Rarely,2,2,3,1,3,5,2,1,2.25,Moderate,0,Low,36.17152614957746,1
32,0,Research & Development,Research Scientist,2,No,Non-Travel,1,1,4,2,2,6,5,1,2.5,Moderate,1,Medium,16.1129507192139,0
48,0,Research & Development,Research Scientist,1,No,Travel_Rarely,15,1,3,4,2,8,2,7,2.75,Moderate,1,Medium,13.93370341761296,1
34,0,Research & Development,Research Scientist,1,No,Travel_Rarely,7,4,1,3,1,1,0,0,2.75,Moderate,1,Medium,0.0,1
55,0,Sales,Manager,5,No,Travel_Rarely,26,4,3,3,3,36,6,2,3.0,High,0,Low,66.66666666666667,1
34,0,Research & Development,Research Scientist,2,No,Travel_Rarely,1,4,2,2,2,2,2,2,2.75,Moderate,1,Medium,33.33333333333334,1
26,0,Research & Development,Research Scientist,1,No,Travel_Rarely,3,4,1,1,3,1,0,0,2.25,Moderate,0,Low,0.0,1
38,0,Sales,Sales Executive,2,No,Travel_Rarely,14,2,3,4,3,9,8,7,3.0,High,0,Low,45.566894604818266,1
38,0,Sales,Sales Executive,2,No,Travel_Rarely,16,2,2,2,4,3,2,1,2.25,Moderate,0,Low,33.33333333333334,1
36,0,Sales,Sales Executive,2,No,Travel_Rarely,1,3,2,1,3,1,0,0,2.25,Moderate,0,Low,36.17152614957746,1
29,0,Research & Development,Laboratory Technician,1,Yes,Travel_Rarely,3,1,2,4,3,10,9,1,2.5,Moderate,1,Medium,13.93370341761296,2
35,0,Research & Development,Healthcare Representative,2,Yes,Travel_Rarely,10,3,1,3,3,5,2,0,2.5,Moderate,1,Medium,33.33333333333334,2
39,0,Sales,Sales Executive,3,No,Travel_Rarely,6,3,4,1,3,7,6,7,3.0,High,0,Low,16.1129507192139,1
29,0,Research & Development,Healthcare Representative,2,No,Travel_Frequently,2,4,1,4,4,6,4,1,3.0,High,0,Low,0.0,2
50,0,Sales,Manager,5,Yes,Travel_Rarely,9,3,3,3,3,1,0,0,3.0,High,1,Medium,100.0,2
23,0,Research & Development,Research Scientist,1,No,Travel_Rarely,10,3,4,4,3,2,2,2,3.75,High,0,Low,61.50998205402495,1
36,0,Research & Development,Laboratory Technician,2,Yes,Travel_Frequently,6,1,1,4,3,3,2,0,2.5,Moderate,1,Medium,0.0,3
42,0,Research & Development,Manager,5,No,Travel_Rarely,9,4,4,4,3,1,0,0,3.5,High,0,Low,66.66666666666667,1
35,0,Research & Development,Laboratory Technician,2,No,Travel_Rarely,28,3,2,4,2,10,9,6,3.25,High,1,Medium,36.17152614957746,1
34,0,Research & Development,Healthcare Representative,2,No,Travel_Frequently,10,3,4,2,2,8,2,7,2.75,Moderate,1,Medium,36.17152614957746,2
40,0,Sales,Sales Executive,2,No,Travel_Rarely,14,1,4,3,3,5,4,1,2.75,Moderate,0,Low,16.1129507192139,1
43,0,Research & Development,Laboratory Technician,1,No,Travel_Rarely,27,2,4,3,3,6,4,0,3.25,High,0,Low,45.566894604818266,1
35,0,Research & Development,Laboratory Technician,1,No,Travel_Rarely,7,4,3,4,2,1,0,0,3.25,High,1,Medium,36.17152614957746,1
46,0,Sales,Manager,4,No,Travel_Rarely,1,1,4,2,1,26,0,0,2.75,Moderate,1,Medium,5.71909584179366,1
28,1,Research & Development,Laboratory Technician,1,Yes,Travel_Rarely,24,2,3,3,3,1,1,0,2.75,Moderate,1,Medium,66.66666666666667,2
22,0,Research & Development,Research Scientist,1,Yes,Non-Travel,26,3,2,2,2,4,2,1,2.25,Moderate,2,High,66.66666666666667,1
50,0,Research & Development,Healthcare Representative,4,Yes,Travel_Frequently,20,3,2,3,3,30,8,12,2.75,Moderate,1,Medium,66.66666666666667,3
32,0,Research & Development,Research Scientist,1,No,Travel_Rarely,5,4,2,4,3,3,2,0,3.5,High,0,Low,36.17152614957746,1
44,0,Research & Development,Research Director,5,Yes,Travel_Rarely,7,4,2,4,2,22,7,1,3.25,High,2,High,23.019964108049905,2
30,0,Research & Development,Research Scientist,1,No,Travel_Rarely,7,2,2,2,2,6,4,1,2.0,Moderate,1,Medium,100.0,1
45,0,Research & Development,Laboratory Technician,2,Yes,Travel_Rarely,5,1,3,1,3,10,7,1,1.5,Low,1,Medium,23.019964108049905,2
45,0,Sales,Sales Executive,2,No,Non-Travel,26,1,1,1,3,10,7,4,1.25,Low,0,Low,33.33333333333334,0
31,0,Sales,Sales Executive,2,No,Travel_Frequently,2,1,4,4,3,5,2,0,3.0,High,0,Low,5.71909584179366,2
36,0,Research & Development,Manufacturing Director,2,Yes,Travel_Rarely,12,3,3,2,3,3,2,1,2.75,Moderate,1,Medium,66.66666666666667,2
34,0,Research & Development,Manufacturing Director,2,No,Travel_Frequently,10,4,3,1,3,9,7,7,3.0,High,0,Low,16.1129507192139,2
49,0,Research & Development,Laboratory Technician,1,No,Travel_Rarely,25,1,3,4,2,9,6,1,2.75,Moderate,1,Medium,13.93370341761296,1
39,0,Research & Development,Manufacturing Director,2,No,Travel_Rarely,10,1,2,4,3,7,7,7,2.5,Moderate,0,Low,13.93370341761296,1
27,0,Research & Development,Laboratory Technician,1,No,Travel_Rarely,19,1,4,1,3,7,7,0,2.0,Moderate,0,Low,0.0,1
35,0,Research & Development,Research Scientist,2,No,Travel_Rarely,18,1,2,4,3,16,15,1,2.75,Moderate,0,Low,13.93370341761296,1
28,0,Research & Development,Manufacturing Director,2,No,Travel_Rarely,27,1,2,2,2,5,3,0,1.5,Low,1,Medium,66.66666666666667,1
21,0,Research & Development,Research Scientist,1,No,Travel_Rarely,5,4,3,3,3,2,2,2,3.25,High,0,Low,66.66666666666667,1
18,1,Sales,Sales Representative,1,Yes,Travel_Frequently,3,4,2,3,4,0,0,0,3.0,High,1,Medium,36.17152614957746,3
47,0,Human Resources,Manager,5,No,Travel_Rarely,26,3,4,3,3,5,2,1,3.25,High,0,Low,66.66666666666667,1
39,0,Research & Development,Laboratory Technician,2,No,Travel_Rarely,3,3,3,4,3,10,8,0,3.0,High,0,Low,66.66666666666667,1
40,0,Research & Development,Manufacturing Director,3,No,Travel_Rarely,15,3,1,4,3,18,15,14,2.5,Moderate,0,Low,16.1129507192139,1
35,0,Research & Development,Healthcare Representative,2,No,Non-Travel,8,3,3,4,3,14,11,2,3.25,High,0,Low,66.66666666666667,0
37,0,Research & Development,Manufacturing Director,2,No,Travel_Rarely,19,3,3,1,2,4,3,0,2.5,Moderate,1,Medium,36.17152614957746,1
39,0,Research & Development,Manufacturing Director,2,No,Travel_Frequently,4,3,1,4,1,9,2,3,2.75,Moderate,1,Medium,0.0,2
45,0,Research & Development,Manufacturing Director,2,No,Travel_Rarely,2,4,4,1,3,10,7,3,2.75,Moderate,0,Low,5.71909584179366,1
38,0,Research & Development,Manufacturing Director,3,Yes,Travel_Rarely,2,3,4,4,4,5,4,0,3.25,High,1,Medium,66.66666666666667,2
35,1,Sales,Sales Executive,3,No,Travel_Rarely,10,1,4,3,3,13,12,6,2.5,Moderate,0,Low,16.1129507192139,1
37,0,Research & Development,Research Scientist,1,No,Travel_Rarely,10,2,2,1,1,8,4,7,2.0,Moderate,1,Medium,61.50998205402495,1
40,0,Research & Development,Manufacturing Director,3,Yes,Travel_Rarely,16,4,3,4,2,4,2,3,3.5,High,2,High,36.17152614957746,2
44,0,Human Resources,Human Resources,2,Yes,Travel_Frequently,1,4,1,3,3,10,7,0,2.75,Moderate,1,Medium,16.1129507192139,3
48,0,Research & Development,Manager,4,No,Travel_Frequently,4,4,3,2,3,2,2,2,2.75,Moderate,0,Low,45.566894604818266,2
35,1,Sales,Sales Executive,2,Yes,Travel_Rarely,15,4,1,4,2,2,2,2,2.5,Moderate,2,High,0.0,2
24,0,Research & Development,Research Scientist,1,Yes,Travel_Frequently,2,4,1,3,3,6,3,1,2.75,Moderate,1,Medium,16.1129507192139,3
27,0,Research & Development,Research Scientist,1,No,Travel_Rarely,8,3,2,1,3,3,2,0,2.5,Moderate,0,Low,36.17152614957746,1
27,0,Research & Development,Research Scientist,1,No,Travel_Frequently,2,4,4,3,2,4,2,1,3.5,High,1,Medium,36.17152614957746,2
40,1,Research & Development,Laboratory Technician,1,Yes,Travel_Rarely,7,1,1,2,1,4,2,0,1.75,Low,2,High,66.66666666666667,2
29,0,Sales,Sales Executive,2,No,Travel_Rarely,10,3,3,3,3,5,2,1,2.75,Moderate,0,Low,100.0,1
36,0,Research & Development,Healthcare Representative,3,No,Travel_Rarely,5,1,2,3,3,3,2,0,2.25,Moderate,0,Low,36.17152614957746,1
25,0,Research & Development,Manufacturing Director,2,No,Travel_Frequently,2,3,4,3,3,7,7,0,3.5,High,0,Low,66.66666666666667,2
39,0,Research & Development,Manufacturing Director,2,No,Travel_Rarely,12,2,4,3,3,5,4,1,3.0,High,0,Low,45.566894604818266,1
49,0,Research & Development,Research Director,4,No,Travel_Rarely,22,2,1,2,3,4,2,1,2.0,Moderate,0,Low,45.566894604818266,1
50,0,Research & Development,Research Director,3,No,Travel_Rarely,17,1,4,3,3,14,11,1,2.5,Moderate,0,Low,16.1129507192139,1
20,0,Sales,Sales Representative,1,No,Travel_Rarely,2,3,3,1,3,2,2,2,2.5,Moderate,0,Low,33.33333333333334,1
34,0,Research & Development,Research Scientist,2,No,Travel_Rarely,3,2,4,3,3,11,8,7,3.0,High,0,Low,45.566894604818266,1
36,0,Research & Development,Laboratory Technician,1,No,Travel_Rarely,7,2,1,3,3,4,3,1,2.25,Moderate,0,Low,36.17152614957746,1
49,0,Research & Development,Healthcare Representative,4,Yes,Travel_Rarely,6,3,3,2,3,15,11,2,2.5,Moderate,1,Medium,66.66666666666667,2
36,0,Research & Development,Manufacturing Director,2,No,Non-Travel,1,3,4,3,3,3,2,1,3.0,High,0,Low,66.66666666666667,0
36,0,Research & Development,Healthcare Representative,2,No,Travel_Rarely,3,1,4,1,3,5,4,0,2.5,Moderate,0,Low,0.0,1
54,0,Research & Development,Manager,4,No,Travel_Rarely,22,3,2,3,3,10,8,4,2.75,Moderate,0,Low,66.66666666666667,1
43,0,Research & Development,Research Director,4,No,Travel_Rarely,15,3,3,1,3,14,10,6,2.25,Moderate,0,Low,33.33333333333334,1
35,1,Sales,Sales Executive,2,Yes,Travel_Frequently,12,4,4,1,4,11,9,6,3.0,High,1,Medium,0.0,3
38,0,Research & Development,Research Scientist,2,No,Travel_Frequently,1,4,4,4,4,13,11,2,3.75,High,0,Low,100.0,2
29,0,Sales,Sales Executive,2,Yes,Travel_Rarely,5,2,1,2,2,10,0,0,1.75,Low,2,High,66.66666666666667,2
33,0,Sales,Sales Executive,2,No,Travel_Rarely,2,4,4,3,3,6,2,0,3.5,High,0,Low,61.50998205402495,1
32,0,Research & Development,Research Scientist,2,No,Travel_Rarely,2,2,4,3,2,9,5,1,3.0,High,1,Medium,36.17152614957746,1
31,0,Sales,Sales Executive,2,No,Travel_Rarely,5,4,1,1,3,10,0,0,2.25,Moderate,0,Low,0.0,1
49,0,Research & Development,Laboratory Technician,1,Yes,Travel_Rarely,16,1,4,2,2,2,2,2,2.5,Moderate,2,High,16.1129507192139,2
38,0,Research & Development,Laboratory Technician,1,No,Travel_Frequently,2,2,4,2,3,4,3,3,2.5,Moderate,0,Low,36.17152614957746,2
47,0,Sales,Manager,4,No,Travel_Rarely,2,2,2,3,3,3,2,1,2.75,Moderate,0,Low,61.50998205402495,1
49,0,Research & Development,Manager,4,No,Travel_Rarely,1,3,3,1,3,8,7,0,2.5,Moderate,0,Low,33.33333333333334,1
41,0,Sales,Sales Executive,3,Yes,Travel_Rarely,23,3,4,4,3,2,0,0,3.5,High,1,Medium,61.50998205402495,2
20,0,Sales,Sales Representative,1,No,Travel_Rarely,9,1,4,1,3,2,2,0,2.25,Moderate,0,Low,0.0,1
33,0,Sales,Sales Executive,2,Yes,Non-Travel,16,4,3,3,3,6,5,1,3.25,High,1,Medium,66.66666666666667,1
36,0,Research & Development,Healthcare Representative,2,No,Travel_Rarely,26,3,1,2,2,3,2,0,2.25,Moderate,1,Medium,45.566894604818266,1
44,0,Human Resources,Human Resources,1,Yes,Travel_Rarely,1,4,3,1,3,2,2,2,2.75,Moderate,1,Medium,16.1129507192139,2
23,1,Research & Development,Laboratory Technician,1,Yes,Travel_Rarely,8,3,4,1,3,5,4,1,2.5,Moderate,1,Medium,16.1129507192139,2
38,0,Research & Development,Laboratory Technician,1,No,Travel_Rarely,4,3,4,4,2,0,0,0,3.5,High,1,Medium,36.17152614957746,1
53,0,Research & Development,Healthcare Representative,3,No,Travel_Rarely,24,4,2,3,3,4,3,1,3.25,High,0,Low,45.566894604818266,1
48,1,Sales,Sales Representative,1,Yes,Travel_Frequently,7,3,4,3,3,9,7,7,3.25,High,1,Medium,66.66666666666667,3
32,1,Research & Development,Laboratory Technician,1,No,Travel_Rarely,2,2,4,1,3,1,0,0,2.5,Moderate,0,Low,13.93370341761296,1
26,0,Research & Development,Laboratory Technician,1,No,Non-Travel,7,4,4,3,3,7,7,5,3.5,High,0,Low,61.50998205402495,0
55,0,Research & Development,Research Scientist,1,No,Travel_Rarely,22,2,1,4,3,4,2,1,2.25,Moderate,0,Low,13.93370341761296,1
34,0,Research & Development,Laboratory Technician,2,No,Travel_Rarely,5,4,2,3,4,15,10,4,2.75,Moderate,0,Low,36.17152614957746,1
60,0,Research & Development,Healthcare Representative,3,No,Travel_Rarely,1,4,3,3,4,1,0,0,2.75,Moderate,0,Low,61.50998205402495,1
33,0,Research & Development,Laboratory Technician,1,No,Travel_Rarely,21,2,2,4,3,14,11,2,3.0,High,0,Low,36.17152614957746,1
37,0,Sales,Sales Executive,2,No,Travel_Frequently,1,4,3,3,2,6,3,1,2.75,Moderate,1,Medium,45.566894604818266,2
34,0,Research & Development,Research Scientist,1,No,Travel_Rarely,19,4,2,2,3,10,9,8,2.5,Moderate,0,Low,36.17152614957746,1
23,1,Sales,Sales Representative,1,Yes,Travel_Rarely,7,4,3,2,3,3,2,0,3.0,High,1,Medium,45.566894604818266,2
44,0,Research & Development,Healthcare Representative,3,Yes,Travel_Rarely,2,4,3,2,3,8,7,6,3.25,High,1,Medium,45.566894604818266,2
35,0,Research & Development,Research Scientist,1,Yes,Travel_Frequently,2,4,1,3,4,5,4,1,2.5,Moderate,1,Medium,5.71909584179366,3
43,0,Sales,Sales Executive,2,Yes,Travel_Rarely,2,4,4,1,3,10,9,8,3.0,High,1,Medium,5.71909584179366,2
24,0,Research & Development,Research Scientist,1,No,Travel_Rarely,9,3,3,4,3,5,3,0,3.5,High,0,Low,66.66666666666667,1
41,0,Sales,Sales Executive,3,No,Travel_Rarely,6,3,4,2,3,10,8,8,3.0,High,0,Low,45.566894604818266,1
29,0,Research & Development,Laboratory Technician,1,No,Travel_Rarely,9,3,4,3,3,5,3,1,3.25,High,0,Low,66.66666666666667,1
36,0,Sales,Sales Representative,2,No,Travel_Rarely,2,4,3,3,2,13,7,6,3.25,High,1,Medium,45.566894604818266,1
45,0,Research & Development,Healthcare Representative,3,No,Non-Travel,1,3,3,4,2,23,15,14,3.0,High,1,Medium,45.566894604818266,0
24,1,Human Resources,Human Resources,1,No,Travel_Rarely,22,3,4,3,3,1,0,0,2.75,Moderate,0,Low,66.66666666666667,1
47,1,Sales,Sales Executive,4,No,Travel_Frequently,9,3,3,3,1,23,5,14,2.5,Moderate,1,Medium,33.33333333333334,2
26,0,Research & Development,Laboratory Technician,1,No,Travel_Rarely,17,3,4,3,4,3,2,0,2.75,Moderate,0,Low,61.50998205402495,1
45,0,Research & Development,Research Director,4,No,Travel_Rarely,28,2,4,3,3,21,6,8,2.75,Moderate,0,Low,45.566894604818266,1
32,0,Research & Development,Research Scientist,1,No,Travel_Frequently,10,3,1,1,2,5,2,1,2.0,Moderate,1,Medium,36.17152614957746,2
31,0,Research & Development,Laboratory Technician,1,No,Travel_Rarely,2,3,2,4,4,5,2,0,3.0,High,0,Low,36.17152614957746,1
41,0,Human Resources,Human Resources,2,No,Non-Travel,4,2,3,2,3,3,2,1,2.0,Moderate,0,Low,61.50998205402495,0
40,0,Research & Development,Manufacturing Director,2,Yes,Travel_Rarely,8,1,2,2,3,1,0,0,2.0,Moderate,1,Medium,45.566894604818266,2
24,0,Research & Development,Laboratory Technician,1,No,Travel_Rarely,29,1,2,2,4,6,2,1,2.0,Moderate,0,Low,16.1129507192139,1
46,0,Research & Development,Healthcare Representative,2,No,Travel_Rarely,13,2,3,4,3,10,7,0,3.0,High,0,Low,45.566894604818266,1
35,0,Research & Development,Manufacturing Director,2,No,Travel_Rarely,27,3,4,2,3,7,7,0,3.0,High,0,Low,45.566894604818266,1
30,0,Research & Development,Research Scientist,1,No,Travel_Rarely,16,4,2,2,2,10,0,0,2.75,Moderate,1,Medium,33.33333333333334,1
47,0,Sales,Sales Executive,2,No,Non-Travel,2,2,3,4,1,1,0,0,3.0,High,1,Medium,13.93370341761296,0
46,0,Sales,Sales Executive,3,Yes,Travel_Rarely,2,4,3,2,2,10,6,0,3.0,High,2,High,36.17152614957746,2
36,1,Sales,Sales Executive,2,Yes,Travel_Rarely,13,1,2,2,3,2,2,2,1.75,Low,1,Medium,45.566894604818266,2
32,1,Sales,Sales Executive,2,No,Travel_Rarely,1,2,1,2,3,0,0,0,1.5,Low,0,Low,45.566894604818266,1
23,0,Research & Development,Laboratory Technician,1,No,Travel_Rarely,4,2,3,3,1,3,2,1,2.75,Moderate,1,Medium,36.17152614957746,1
31,0,Research & Development,Manufacturing Director,2,No,Travel_Frequently,24,4,4,4,2,5,4,1,3.75,High,1,Medium,33.33333333333334,2
39,0,Research & Development,Laboratory Technician,2,Yes,Non-Travel,1,4,4,4,3,9,8,5,3.75,High,1,Medium,66.66666666666667,1
32,0,Sales,Sales Executive,3,No,Travel_Rarely,19,3,4,3,1,4,3,0,2.75,Moderate,1,Medium,16.1129507192139,1
40,0,Sales,Manager,5,No,Travel_Rarely,7,2,2,2,2,21,8,12,2.25,Moderate,1,Medium,100.0,1
45,0,Human Resources,Human Resources,3,No,Travel_Rarely,4,3,3,3,4,5,0,0,2.5,Moderate,0,Low,66.66666666666667,1
30,0,Research & Development,Research Scientist,1,No,Travel_Frequently,2,1,4,4,3,9,7,0,2.75,Moderate,0,Low,5.71909584179366,2
24,0,Human Resources,Human Resources,1,No,Travel_Frequently,10,4,1,4,3,2,2,2,3.0,High,0,Low,5.71909584179366,2
30,1,Human Resources,Human Resources,1,No,Travel_Frequently,8,4,3,3,2,4,2,1,3.0,High,1,Medium,45.566894604818266,2
31,0,Sales,Sales Executive,2,No,Travel_Rarely,5,3,1,3,3,5,2,0,2.5,Moderate,0,Low,33.33333333333334,1
27,0,Research & Development,Research Scientist,1,No,Travel_Rarely,8,4,3,3,2,6,2,1,3.25,High,1,Medium,45.566894604818266,1
29,1,Sales,Sales Representative,1,No,Travel_Rarely,9,2,2,3,3,2,2,2,2.0,Moderate,0,Low,61.50998205402495,1
29,0,Research & Development,Healthcare Representative,2,Yes,Travel_Frequently,1,3,4,4,4,3,2,0,3.75,High,1,Medium,66.66666666666667,3
30,0,Sales,Sales Executive,3,No,Travel_Rarely,15,1,3,1,3,7,7,1,1.75,Low,0,Low,23.019964108049905,1
34,0,Research & Development,Research Scientist,1,Yes,Travel_Rarely,2,4,4,1,3,5,0,1,3.25,High,1,Medium,5.71909584179366,2
33,0,Sales,Sales Executive,2,No,Non-Travel,2,2,4,4,2,11,7,1,3.25,High,1,Medium,23.019964108049905,0
49,0,Sales,Sales Executive,2,No,Travel_Rarely,11,4,4,3,4,5,1,0,3.5,High,0,Low,66.66666666666667,1
33,1,Sales,Sales Executive,3,Yes,Travel_Rarely,16,1,1,3,2,0,0,0,2.0,Moderate,2,High,36.17152614957746,2
38,0,Research & Development,Laboratory Technician,1,No,Travel_Frequently,2,2,3,2,2,6,1,0,2.25,Moderate,1,Medium,66.66666666666667,2
31,1,Sales,Sales Executive,3,No,Travel_Rarely,16,3,1,1,3,1,0,0,2.0,Moderate,0,Low,23.019964108049905,1
29,0,Research & Development,Research Scientist,1,No,Travel_Rarely,4,1,4,3,3,1,0,0,2.5,Moderate,0,Low,16.1129507192139,1
30,0,Research & Development,Healthcare Representative,2,No,Travel_Rarely,16,3,3,3,3,7,0,1,3.25,High,0,Low,100.0,1
32,0,Research & Development,Research Scientist,1,No,Non-Travel,5,2,2,2,3,7,7,0,2.25,Moderate,0,Low,66.66666666666667,0
38,0,Research & Development,Healthcare Representative,2,Yes,Travel_Rarely,18,4,2,3,3,1,0,1,2.5,Moderate,1,Medium,45.566894604818266,2
43,1,Research & Development,Research Scientist,1,Yes,Travel_Frequently,17,3,3,4,3,1,0,0,3.0,High,1,Medium,66.66666666666667,3
42,0,Research & Development,Laboratory Technician,1,No,Travel_Rarely,12,2,2,2,2,5,3,0,2.25,Moderate,1,Medium,100.0,1
55,0,Research & Development,Research Director,5,No,Travel_Rarely,2,1,3,2,3,1,0,0,2.0,Moderate,0,Low,36.17152614957746,1
33,0,Research & Development,Research Scientist,2,No,Non-Travel,4,2,4,4,2,9,8,1,3.25,High,1,Medium,23.019964108049905,0
41,0,Research & Development,Laboratory Technician,1,No,Travel_Rarely,9,1,3,2,3,5,3,0,2.25,Moderate,0,Low,36.17152614957746,1
34,0,Sales,Sales Executive,2,Yes,Non-Travel,10,3,4,3,3,15,14,0,3.25,High,1,Medium,66.66666666666667,1
53,0,Research & Development,Manufacturing Director,4,Yes,Non-Travel,1,3,1,4,2,3,2,0,2.5,Moderate,2,High,13.93370341761296,1
43,0,Human Resources,Human Resources,1,No,Travel_Rarely,2,4,2,2,3,9,7,1,2.75,Moderate,0,Low,36.17152614957746,1
34,0,Sales,Sales Executive,2,No,Travel_Rarely,3,4,4,1,3,2,2,2,2.5,Moderate,0,Low,5.71909584179366,1
21,1,Sales,Sales Representative,1,No,Travel_Rarely,7,2,2,2,3,1,0,1,2.25,Moderate,0,Low,66.66666666666667,1
38,0,Research & Development,Laboratory Technician,1,No,Travel_Rarely,6,3,4,2,3,5,4,0,2.75,Moderate,0,Low,45.566894604818266,1
22,1,Research & Development,Laboratory Technician,1,Yes,Travel_Rarely,8,1,3,3,3,1,0,0,2.5,Moderate,1,Medium,33.33333333333334,2
31,0,Sales,Sales Executive,2,No,Travel_Rarely,29,4,1,1,3,12,7,5,2.0,Moderate,0,Low,0.0,1
51,0,Research & Development,Manager,3,No,Travel_Rarely,3,3,1,4,3,2,2,2,2.75,Moderate,0,Low,16.1129507192139,1
37,0,Sales,Sales Executive,2,No,Travel_Rarely,9,2,2,1,3,5,2,0,1.75,Low,0,Low,45.566894604818266,1
46,0,Research & Development,Research Director,5,Yes,Travel_Rarely,2,4,3,3,3,2,1,2,3.25,High,1,Medium,66.66666666666667,2
36,0,Research & Development,Healthcare Representative,3,Yes,Travel_Rarely,10,1,4,4,3,12,8,5,3.0,High,1,Medium,5.71909584179366,2
44,1,Research & Development,Research Scientist,1,Yes,Travel_Frequently,1,2,3,3,2,5,3,2,2.75,Moderate,2,High,61.50998205402495,3
37,0,Human Resources,Human Resources,2,No,Travel_Rarely,8,2,3,3,2,10,0,4,2.75,Moderate,1,Medium,61.50998205402495,1
35,1,Sales,Sales Executive,2,Yes,Travel_Rarely,27,4,3,4,3,10,7,7,3.5,High,1,Medium,61.50998205402495,2
33,0,Research & Development,Research Scientist,1,No,Travel_Rarely,8,1,4,2,3,10,8,7,2.75,Moderate,0,Low,13.93370341761296,1
28,0,Research & Development,Research Scientist,1,No,Travel_Rarely,1,4,3,3,4,5,3,0,3.25,High,0,Low,61.50998205402495,1
39,0,Research & Development,Research Director,3,No,Travel_Rarely,10,3,3,3,3,4,3,2,3.0,High,0,Low,100.0,1
46,0,Sales,Sales Executive,2,No,Non-Travel,26,2,2,3,3,2,2,2,2.25,Moderate,0,Low,61.50998205402495,0
40,0,Research & Development,Laboratory Technician,1,No,Travel_Rarely,2,1,3,4,2,4,3,0,2.75,Moderate,1,Medium,13.93370341761296,1
42,0,Research & Development,Healthcare Representative,2,No,Travel_Rarely,13,1,2,3,2,0,0,0,2.5,Moderate,1,Medium,45.566894604818266,1
35,0,Research & Development,Manufacturing Director,2,No,Non-Travel,2,4,2,3,3,7,7,1,3.0,High,0,Low,45.566894604818266,0
38,0,Human Resources,Human Resources,1,No,Non-Travel,2,2,1,4,3,11,10,3,2.5,Moderate,0,Low,13.93370341761296,0
34,1,Research & Development,Laboratory Technician,2,No,Travel_Frequently,9,1,4,3,2,7,1,0,2.75,Moderate,1,Medium,13.93370341761296,2
37,1,Research & Development,Manufacturing Director,2,No,Travel_Rarely,10,1,4,2,1,10,3,0,2.5,Moderate,1,Medium,5.71909584179366,1
39,0,Sales,Sales Executive,2,No,Travel_Frequently,20,4,3,4,3,2,1,2,3.5,High,0,Low,61.50998205402495,2
43,0,Research & Development,Research Scientist,1,No,Non-Travel,9,3,1,3,2,3,2,1,2.5,Moderate,1,Medium,36.17152614957746,0
41,0,Research & Development,Healthcare Representative,2,No,Travel_Rarely,5,2,2,1,1,3,2,1,2.25,Moderate,1,Medium,61.50998205402495,1
41,0,Sales,Sales Executive,3,Yes,Travel_Rarely,4,3,3,4,4,22,14,13,3.25,High,1,Medium,61.50998205402495,2
30,0,Research & Development,Manufacturing Director,3,No,Travel_Rarely,10,3,1,2,3,7,7,0,2.25,Moderate,0,Low,36.17152614957746,1
26,1,Human Resources,Human Resources,1,Yes,Travel_Rarely,20,2,4,3,3,5,1,1,3.0,High,1,Medium,45.566894604818266,2
46,1,Research & Development,Healthcare Representative,2,No,Travel_Rarely,21,2,4,4,4,9,7,3,3.25,High,0,Low,33.33333333333334,1
40,0,Research & Development,Healthcare Representative,2,No,Travel_Rarely,1,4,3,4,3,5,3,0,3.5,High,0,Low,61.50998205402495,1
34,0,Sales,Sales Executive,2,No,Travel_Rarely,8,3,2,3,3,10,8,4,3.0,High,0,Low,66.66666666666667,1
58,0,Sales,Manager,4,No,Non-Travel,2,2,2,4,2,16,9,14,2.75,Moderate,1,Medium,33.33333333333334,0
35,0,Research & Development,Laboratory Technician,1,No,Travel_Rarely,23,3,2,2,4,5,4,0,2.0,Moderate,0,Low,36.17152614957746,1
47,0,Research & Development,Manufacturing Director,3,Yes,Travel_Rarely,4,2,3,3,3,22,11,14,2.5,Moderate,1,Medium,66.66666666666667,2
40,0,Research & Development,Healthcare Representative,2,No,Travel_Rarely,12,1,2,2,3,7,4,7,2.0,Moderate,0,Low,45.566894604818266,1
54,0,Research & Development,Research Scientist,2,No,Travel_Rarely,7,4,4,2,2,7,1,1,3.25,High,1,Medium,23.019964108049905,1
31,0,Sales,Sales Executive,3,No,Travel_Frequently,7,1,1,4,3,3,2,2,2.25,Moderate,0,Low,0.0,2
28,0,Research & Development,Research Scientist,1,No,Travel_Rarely,1,1,3,3,3,3,2,1,2.5,Moderate,0,Low,33.33333333333334,1
38,0,Sales,Sales Representative,2,Yes,Travel_Rarely,2,4,2,1,2,4,2,0,2.0,Moderate,2,High,16.1129507192139,2
26,0,Sales,Sales Executive,2,No,Travel_Rarely,10,4,3,1,3,5,3,1,2.75,Moderate,0,Low,16.1129507192139,1
58,0,Research & Development,Research Director,4,Yes,Travel_Frequently,15,3,1,2,3,2,2,2,2.25,Moderate,1,Medium,36.17152614957746,3
18,0,Research & Development,Research Scientist,1,No,Non-Travel,14,3,2,3,1,0,0,0,2.75,Moderate,1,Medium,36.17152614957746,0
31,1,Human Resources,Human Resources,1,No,Travel_Rarely,18,1,4,3,3,1,0,0,3.0,High,0,Low,16.1129507192139,1
29,1,Human Resources,Human Resources,1,Yes,Travel_Rarely,13,1,1,4,3,2,2,2,2.0,Moderate,1,Medium,0.0,2
45,0,Sales,Sales Executive,2,No,Non-Travel,2,3,3,2,4,8,7,5,2.75,Moderate,0,Low,45.566894604818266,0
36,0,Research & Development,Research Scientist,2,Yes,Travel_Rarely,2,2,4,4,3,1,0,0,3.25,High,1,Medium,36.17152614957746,2
43,0,Sales,Sales Executive,2,No,Travel_Frequently,2,4,1,3,3,7,7,7,2.75,Moderate,0,Low,16.1129507192139,2
27,0,Research & Development,Laboratory Technician,1,Yes,Travel_Frequently,5,4,4,3,2,5,4,0,3.5,High,2,High,36.17152614957746,3
29,0,Research & Development,Laboratory Technician,1,No,Travel_Frequently,20,4,4,2,4,11,8,3,3.25,High,0,Low,33.33333333333334,2
32,0,Sales,Sales Executive,2,No,Travel_Frequently,10,4,4,3,4,0,0,0,3.5,High,0,Low,66.66666666666667,2
42,0,Research & Development,Research Scientist,1,No,Non-Travel,10,3,3,2,2,6,3,3,2.75,Moderate,1,Medium,61.50998205402495,0
47,0,Research & Development,Laboratory Technician,1,No,Travel_Rarely,9,3,2,3,3,2,2,2,2.75,Moderate,0,Low,66.66666666666667,1
46,0,Research & Development,Manufacturing Director,3,No,Travel_Rarely,2,4,4,3,2,9,8,4,3.5,High,1,Medium,36.17152614957746,1
28,0,Human Resources,Human Resources,1,No,Non-Travel,1,4,3,2,3,3,2,2,3.0,High,0,Low,45.566894604818266,0
29,0,Research & Development,Healthcare Representative,2,No,Travel_Rarely,29,3,4,4,3,7,0,1,3.0,High,0,Low,61.50998205402495,1
42,0,Research & Development,Laboratory Technician,1,No,Travel_Rarely,8,3,4,4,3,0,0,0,3.5,High,0,Low,61.50998205402495,1
32,1,Sales,Sales Executive,2,Yes,Travel_Rarely,2,2,3,3,2,2,2,2,2.5,Moderate,2,High,61.50998205402495,2
46,0,Sales,Sales Executive,4,No,Travel_Rarely,3,1,1,4,3,19,17,2,2.5,Moderate,0,Low,0.0,1
27,0,Sales,Sales Representative,2,No,Travel_Rarely,23,3,2,4,3,9,8,5,2.75,Moderate,0,Low,45.566894604818266,1
29,0,Human Resources,Human Resources,1,No,Travel_Rarely,6,2,4,4,3,1,0,0,3.0,High,0,Low,36.17152614957746,1
43,0,Research & Development,Manager,5,No,Travel_Rarely,6,3,1,4,3,16,12,6,2.5,Moderate,0,Low,16.1129507192139,1
48,0,Research & Development,Research Director,5,No,Travel_Rarely,10,2,4,4,3,22,10,12,3.0,High,0,Low,36.17152614957746,1
29,1,Research & Development,Research Scientist,1,Yes,Travel_Frequently,24,4,4,2,2,1,0,1,3.0,High,2,High,23.019964108049905,3
46,1,Sales,Sales Executive,3,No,Travel_Rarely,10,2,3,3,3,8,7,0,2.75,Moderate,0,Low,66.66666666666667,1
27,0,Research & Development,Research Scientist,1,No,Travel_Frequently,15,1,4,4,2,7,6,7,2.75,Moderate,1,Medium,0.0,2
39,0,Research & Development,Research Scientist,2,No,Travel_Rarely,19,4,4,2,3,2,2,2,3.25,High,0,Low,36.17152614957746,1
55,0,Research & Development,Research Scientist,1,No,Travel_Rarely,2,4,2,2,4,5,2,0,2.5,Moderate,0,Low,23.019964108049905,1
28,0,Sales,Sales Representative,1,No,Travel_Rarely,3,2,2,4,3,1,0,0,2.75,Moderate,0,Low,36.17152614957746,1
30,1,Sales,Sales Representative,1,No,Travel_Rarely,9,4,2,3,2,1,0,0,3.0,High,1,Medium,36.17152614957746,1
22,1,Research & Development,Research Scientist,1,Yes,Travel_Rarely,7,2,4,1,3,1,0,0,2.5,Moderate,1,Medium,13.93370341761296,2
36,0,Sales,Sales Executive,2,Yes,Travel_Rarely,10,3,2,1,3,10,9,1,2.0,Moderate,1,Medium,36.17152614957746,2
31,0,Research & Development,Laboratory Technician,2,No,Travel_Rarely,20,3,2,1,3,10,8,0,2.25,Moderate,0,Low,36.17152614957746,1
34,0,Sales,Sales Executive,3,Yes,Travel_Rarely,4,4,3,4,3,5,3,1,3.5,High,1,Medium,61.50998205402495,2
29,0,Research & Development,Laboratory Technician,1,No,Travel_Rarely,7,1,4,2,3,3,2,1,2.5,Moderate,0,Low,13.93370341761296,1
37,0,Research & Development,Research Scientist,2,Yes,Travel_Rarely,7,1,4,3,3,5,3,0,2.75,Moderate,1,Medium,16.1129507192139,2
35,0,Research & Development,Manufacturing Director,2,Yes,Travel_Rarely,16,2,4,4,3,3,2,0,3.0,High,1,Medium,36.17152614957746,2
45,0,Research & Development,Manufacturing Director,2,No,Travel_Rarely,25,4,2,4,2,9,8,3,3.0,High,1,Medium,23.019964108049905,1
36,0,Human Resources,Human Resources,2,No,Travel_Frequently,2,4,2,4,2,10,1,0,3.0,High,1,Medium,23.019964108049905,2
40,0,Research & Development,Manager,4,No,Travel_Rarely,1,1,1,1,3,19,7,11,1.5,Low,0,Low,33.33333333333334,1
26,0,Research & Development,Research Scientist,1,Yes,Travel_Rarely,1,3,2,3,2,1,0,1,2.5,Moderate,2,High,61.50998205402495,2
27,0,Sales,Sales Executive,2,No,Travel_Rarely,2,3,1,2,2,8,7,0,2.5,Moderate,1,Medium,45.566894604818266,1
48,0,Research & Development,Manager,4,No,Travel_Frequently,22,4,4,2,3,22,17,4,3.25,High,0,Low,36.17152614957746,2
44,0,Research & Development,Healthcare Representative,2,No,Travel_Rarely,1,1,2,4,3,2,0,2,2.75,Moderate,0,Low,13.93370341761296,1
34,1,Research & Development,Research Scientist,1,Yes,Non-Travel,16,1,4,2,3,5,2,3,2.0,Moderate,1,Medium,13.93370341761296,1
56,1,Research & Development,Laboratory Technician,1,No,Travel_Rarely,24,4,1,4,3,4,2,1,3.0,High,0,Low,5.71909584179366,1
36,0,Sales,Sales Executive,2,No,Travel_Rarely,17,2,3,3,1,4,2,1,2.5,Moderate,1,Medium,36.17152614957746,1
41,0,Sales,Sales Executive,2,No,Travel_Rarely,8,2,3,3,3,5,4,1,2.75,Moderate,0,Low,66.66666666666667,1
42,0,Research & Development,Research Director,3,No,Travel_Rarely,6,1,3,2,4,13,7,5,2.25,Moderate,0,Low,13.93370341761296,1
31,0,Sales,Sales Executive,2,Yes,Travel_Rarely,10,4,3,4,3,5,2,1,3.5,High,1,Medium,61.50998205402495,2
34,0,Sales,Sales Executive,2,Yes,Travel_Rarely,3,4,4,3,2,4,2,0,3.25,High,2,High,36.17152614957746,2
31,0,Research & Development,Laboratory Technician,1,No,Travel_Rarely,4,3,1,2,2,2,2,2,2.5,Moderate,1,Medium,45.566894604818266,1
26,0,Research & Development,Laboratory Technician,1,No,Travel_Frequently,6,4,3,1,3,7,7,7,3.0,High,0,Low,16.1129507192139,2
45,0,Research & Development,Healthcare Representative,2,No,Travel_Frequently,1,3,2,3,3,4,2,0,2.75,Moderate,0,Low,66.66666666666667,2
33,0,Sales,Sales Executive,2,No,Travel_Rarely,10,3,2,2,2,10,4,0,2.5,Moderate,1,Medium,66.66666666666667,1
28,0,Sales,Sales Executive,2,Yes,Travel_Frequently,1,4,3,3,3,7,7,0,3.0,High,1,Medium,66.66666666666667,3
29,1,Sales,Sales Representative,1,No,Travel_Frequently,24,1,3,4,3,1,0,0,3.0,High,0,Low,16.1129507192139,2
39,0,Sales,Sales Executive,2,No,Non-Travel,21,3,1,3,3,3,2,1,2.0,Moderate,0,Low,33.33333333333334,0
27,0,Research & Development,Research Scientist,1,No,Travel_Rarely,2,2,2,3,2,5,3,1,2.5,Moderate,1,Medium,66.66666666666667,1
34,0,Research & Development,Research Scientist,2,Yes,Travel_Frequently,22,4,3,2,3,15,10,6,2.75,Moderate,1,Medium,45.566894604818266,3
28,1,Sales,Sales Executive,2,Yes,Travel_Rarely,13,3,4,4,3,2,0,2,3.5,High,1,Medium,61.50998205402495,2
47,0,Research & Development,Research Scientist,2,No,Non-Travel,14,2,3,3,4,8,7,1,2.75,Moderate,0,Low,45.566894604818266,0
56,0,Sales,Sales Executive,2,No,Travel_Rarely,11,1,4,3,3,0,0,0,2.5,Moderate,0,Low,16.1129507192139,1
39,0,Research & Development,Manufacturing Director,2,No,Travel_Rarely,9,1,1,4,3,10,0,7,2.25,Moderate,0,Low,0.0,1
38,0,Research & Development,Research Scientist,2,Yes,Travel_Frequently,8,2,4,3,3,20,11,0,2.75,Moderate,1,Medium,45.566894604818266,3
58,0,Sales,Manager,4,Yes,Travel_Rarely,21,4,4,3,2,1,0,0,3.5,High,2,High,36.17152614957746,2
32,1,Research & Development,Research Scientist,1,Yes,Travel_Frequently,5,3,1,1,3,4,1,0,2.25,Moderate,1,Medium,23.019964108049905,3
38,0,Research & Development,Research Scientist,1,No,Travel_Rarely,9,4,2,4,4,5,2,0,3.25,High,0,Low,33.33333333333334,1
49,0,Research & Development,Research Director,5,No,Travel_Frequently,2,4,2,4,3,5,4,4,3.25,High,0,Low,36.17152614957746,2
42,0,Sales,Sales Executive,2,Yes,Travel_Rarely,12,4,2,3,3,0,0,0,3.0,High,1,Medium,45.566894604818266,2
27,1,Human Resources,Human Resources,1,No,Travel_Frequently,22,2,1,1,3,1,0,0,1.5,Low,0,Low,36.17152614957746,2
35,0,Sales,Sales Executive,2,No,Travel_Rarely,18,1,2,4,1,5,3,0,2.5,Moderate,1,Medium,5.71909584179366,1
28,0,Research & Development,Research Scientist,1,No,Non-Travel,16,3,3,3,2,5,3,1,3.0,High,1,Medium,66.66666666666667,0
31,0,Research & Development,Research Scientist,1,Yes,Non-Travel,3,1,3,4,4,4,2,2,2.75,Moderate,1,Medium,5.71909584179366,1
36,0,Research & Development,Laboratory Technician,1,No,Non-Travel,9,2,1,2,3,5,4,0,2.25,Moderate,0,Low,45.566894604818266,0
34,0,Sales,Sales Executive,3,No,Travel_Rarely,1,4,1,1,2,14,8,2,2.25,Moderate,1,Medium,5.71909584179366,1
34,0,Sales,Sales Executive,3,No,Travel_Rarely,13,3,4,3,2,8,7,1,3.25,High,1,Medium,45.566894604818266,1
26,0,Research & Development,Laboratory Technician,1,No,Travel_Rarely,1,1,3,4,2,7,7,7,2.75,Moderate,1,Medium,13.93370341761296,1
29,0,Research & Development,Healthcare Representative,2,No,Travel_Rarely,1,1,1,1,2,5,3,0,1.5,Low,1,Medium,66.66666666666667,1
32,0,Research & Development,Healthcare Representative,2,No,Non-Travel,15,4,3,2,3,5,1,1,3.0,High,0,Low,45.566894604818266,0
31,0,Research & Development,Research Scientist,2,No,Travel_Frequently,1,1,4,2,3,10,8,8,2.0,Moderate,0,Low,13.93370341761296,2
28,1,Research & Development,Laboratory Technician,1,No,Travel_Rarely,17,4,3,1,2,4,1,0,2.5,Moderate,1,Medium,13.93370341761296,1
38,0,Sales,Sales Representative,1,No,Travel_Rarely,1,1,1,1,2,1,0,0,1.25,Low,1,Medium,66.66666666666667,1
35,0,Sales,Sales Executive,2,Yes,Travel_Rarely,7,4,3,4,3,10,8,0,3.5,High,1,Medium,61.50998205402495,2
27,0,Sales,Sales Executive,2,No,Travel_Rarely,9,4,4,1,3,7,7,0,3.0,High,0,Low,5.71909584179366,1
32,0,Research & Development,Manufacturing Director,2,No,Travel_Rarely,5,4,4,2,3,1,0,0,3.0,High,0,Low,36.17152614957746,1
31,1,Sales,Sales Executive,2,Yes,Travel_Frequently,26,4,1,3,3,10,7,0,2.75,Moderate,1,Medium,16.1129507192139,3
53,1,Sales,Sales Executive,3,Yes,Travel_Rarely,24,1,1,2,2,2,2,2,1.75,Low,2,High,61.50998205402495,2
54,0,Research & Development,Research Scientist,2,No,Travel_Rarely,9,3,1,3,2,4,3,2,2.5,Moderate,1,Medium,36.17152614957746,1
33,0,Research & Development,Healthcare Representative,2,No,Travel_Frequently,7,3,4,3,3,9,7,2,3.25,High,0,Low,66.66666666666667,2
43,0,Research & Development,Healthcare Representative,3,No,Travel_Rarely,11,3,1,2,3,10,9,0,2.25,Moderate,0,Low,36.17152614957746,1
38,0,Human Resources,Human Resources,1,Yes,Travel_Frequently,1,2,4,2,3,6,2,1,2.75,Moderate,1,Medium,36.17152614957746,3
55,0,Human Resources,Manager,5,Yes,Travel_Rarely,26,2,3,1,3,10,9,1,2.5,Moderate,1,Medium,36.17152614957746,2
31,0,Research & Development,Laboratory Technician,1,Yes,Travel_Rarely,2,4,4,3,3,1,0,0,3.0,High,1,Medium,61.50998205402495,2
39,0,Sales,Sales Executive,4,No,Travel_Rarely,15,1,2,1,3,20,8,11,1.75,Low,0,Low,36.17152614957746,1
42,0,Research & Development,Research Scientist,2,No,Non-Travel,23,3,4,4,3,20,9,3,3.25,High,0,Low,61.50998205402495,0
31,0,Research & Development,Research Director,3,No,Non-Travel,10,3,3,3,4,11,7,4,3.0,High,0,Low,66.66666666666667,0
54,0,Research & Development,Manufacturing Director,2,Yes,Travel_Rarely,10,1,3,4,3,5,2,1,2.75,Moderate,1,Medium,16.1129507192139,2
24,0,Research & Development,Healthcare Representative,2,No,Travel_Rarely,1,3,2,2,2,4,3,1,2.25,Moderate,1,Medium,66.66666666666667,1
23,0,Research & Development,Laboratory Technician,1,No,Travel_Rarely,12,4,4,3,4,5,2,1,3.5,High,0,Low,66.66666666666667,1
40,0,Research & Development,Laboratory Technician,2,No,Travel_Frequently,11,3,4,1,4,10,9,9,2.75,Moderate,0,Low,5.71909584179366,2
40,0,Sales,Sales Executive,2,No,Travel_Rarely,2,2,2,3,3,11,8,5,2.5,Moderate,0,Low,61.50998205402495,1
25,0,Human Resources,Human Resources,1,No,Travel_Rarely,2,2,3,3,3,2,0,1,2.75,Moderate,0,Low,66.66666666666667,1
30,0,Research & Development,Laboratory Technician,1,No,Travel_Rarely,1,2,4,3,2,12,8,1,3.0,High,1,Medium,36.17152614957746,1
25,0,Research & Development,Laboratory Technician,1,Yes,Travel_Rarely,2,3,4,3,2,2,2,0,3.25,High,2,High,45.566894604818266,2
47,0,Research & Development,Healthcare Representative,3,No,Travel_Rarely,25,3,1,2,3,17,14,12,2.25,Moderate,0,Low,36.17152614957746,1
33,0,Research & Development,Laboratory Technician,1,No,Non-Travel,1,3,2,3,2,1,1,0,2.5,Moderate,1,Medium,61.50998205402495,0
38,0,Sales,Sales Executive,2,No,Travel_Rarely,1,2,4,1,3,15,13,5,2.5,Moderate,0,Low,13.93370341761296,1
31,0,Sales,Sales Representative,1,No,Travel_Rarely,2,3,1,3,3,2,2,1,2.5,Moderate,0,Low,33.33333333333334,1
38,0,Research & Development,Manufacturing Director,2,No,Travel_Frequently,6,3,1,4,3,8,3,7,2.5,Moderate,0,Low,16.1129507192139,2
42,0,Research & Development,Research Scientist,2,Yes,Travel_Rarely,18,1,4,3,2,4,3,1,2.75,Moderate,2,High,13.93370341761296,2
41,0,Research & Development,Research Scientist,1,No,Travel_Rarely,1,4,4,1,3,5,3,1,3.0,High,0,Low,5.71909584179366,1
47,0,Research & Development,Research Director,3,No,Non-Travel,1,2,3,1,1,13,8,5,2.25,Moderate,1,Medium,36.17152614957746,0
35,0,Research & Development,Laboratory Technician,1,Yes,Travel_Rarely,11,3,4,3,3,2,2,2,3.25,High,1,Medium,66.66666666666667,2
22,0,Research & Development,Research Scientist,1,No,Travel_Rarely,1,3,4,4,4,3,2,1,3.5,High,0,Low,66.66666666666667,1
35,0,Research & Development,Research Scientist,2,No,Travel_Rarely,9,3,2,2,3,10,7,0,2.5,Moderate,0,Low,61.50998205402495,1
33,0,Research & Development,Healthcare Representative,2,Yes,Travel_Rarely,15,4,2,1,3,9,7,8,2.5,Moderate,1,Medium,13.93370341761296,2
32,0,Research & Development,Laboratory Technician,1,No,Travel_Rarely,29,2,3,3,3,6,2,4,2.5,Moderate,0,Low,66.66666666666667,1
40,0,Research & Development,Laboratory Technician,1,No,Travel_Rarely,1,4,1,3,2,1,0,0,2.75,Moderate,1,Medium,13.93370341761296,1
32,0,Sales,Sales Representative,1,No,Travel_Rarely,1,2,2,2,3,2,2,2,2.0,Moderate,0,Low,66.66666666666667,1
39,0,Research & Development,Research Scientist,2,No,Travel_Rarely,24,4,1,1,3,7,7,1,2.25,Moderate,0,Low,0.0,1
38,0,Research & Development,Research Director,3,No,Travel_Rarely,10,3,2,1,3,18,16,1,1.75,Low,0,Low,36.17152614957746,1
32,0,Sales,Sales Executive,3,No,Travel_Rarely,1,4,3,3,3,14,10,5,3.25,High,0,Low,66.66666666666667,1
37,0,Research & Development,Research Director,3,Yes,Travel_Rarely,10,4,3,1,3,16,11,6,3.0,High,1,Medium,16.1129507192139,2
25,0,Sales,Sales Executive,2,Yes,Travel_Rarely,8,3,1,2,2,5,3,0,2.25,Moderate,2,High,45.566894604818266,2
52,0,Sales,Sales Representative,1,No,Non-Travel,29,4,1,2,2,9,8,0,2.5,Moderate,1,Medium,16.1129507192139,0
44,0,Research & Development,Research Scientist,1,Yes,Travel_Rarely,1,4,2,3,3,4,3,1,3.0,High,1,Medium,45.566894604818266,2
21,0,Sales,Sales Representative,1,Yes,Travel_Rarely,5,1,3,4,3,2,2,1,2.75,Moderate,1,Medium,16.1129507192139,2
39,0,Research & Development,Manager,5,No,Non-Travel,9,4,4,3,2,6,0,1,3.5,High,1,Medium,36.17152614957746,0
23,1,Sales,Sales Representative,1,No,Travel_Frequently,9,1,4,1,2,1,0,1,2.25,Moderate,1,Medium,5.71909584179366,2
36,0,Sales,Sales Executive,3,No,Travel_Rarely,3,4,1,3,3,9,7,3,2.5,Moderate,0,Low,16.1129507192139,1
36,0,Research & Development,Manufacturing Director,2,No,Travel_Frequently,4,2,4,2,3,4,2,0,2.75,Moderate,0,Low,36.17152614957746,2
56,0,Research & Development,Healthcare Representative,2,No,Non-Travel,1,3,3,1,2,13,12,1,2.5,Moderate,1,Medium,36.17152614957746,0
29,1,Research & Development,Research Scientist,1,Yes,Travel_Rarely,1,4,1,2,4,2,2,2,2.5,Moderate,1,Medium,0.0,2
42,0,Research & Development,Manager,5,No,Travel_Rarely,2,3,1,1,2,22,6,4,2.0,Moderate,1,Medium,36.17152614957746,1
56,1,Research & Development,Laboratory Technician,1,No,Travel_Rarely,7,3,4,4,1,10,9,9,3.5,High,1,Medium,5.71909584179366,1
41,0,Research & Development,Manufacturing Director,4,No,Travel_Rarely,28,2,1,3,3,20,7,0,2.0,Moderate,0,Low,36.17152614957746,1
34,0,Sales,Sales Executive,2,No,Travel_Rarely,28,3,4,4,3,8,7,1,3.25,High,0,Low,61.50998205402495,1
36,0,Sales,Sales Executive,2,No,Non-Travel,15,4,4,1,2,15,12,11,2.5,Moderate,1,Medium,0.0,0
41,0,Sales,Sales Executive,2,No,Travel_Rarely,3,2,3,3,3,5,4,0,2.5,Moderate,0,Low,66.66666666666667,1
32,0,Research & Development,Research Scientist,1,No,Travel_Rarely,2,1,4,4,3,4,2,1,3.0,High,0,Low,5.71909584179366,1
35,0,Human Resources,Human Resources,3,Yes,Travel_Rarely,26,4,3,3,3,9,0,1,3.25,High,1,Medium,66.66666666666667,2
38,0,Sales,Sales Executive,2,No,Travel_Rarely,10,4,1,3,3,10,7,1,2.75,Moderate,0,Low,16.1129507192139,1
50,1,Sales,Sales Executive,2,No,Travel_Frequently,1,3,2,4,3,6,3,0,3.0,High,0,Low,45.566894604818266,2
36,0,Sales,Sales Executive,2,No,Travel_Rarely,11,4,2,1,2,6,3,0,2.25,Moderate,1,Medium,16.1129507192139,1
45,0,Sales,Sales Executive,2,No,Travel_Rarely,20,3,4,3,3,5,3,0,3.25,High,0,Low,66.66666666666667,1
40,0,Research & Development,Research Scientist,1,No,Travel_Rarely,2,3,3,4,3,2,2,2,3.0,High,0,Low,66.66666666666667,1
35,0,Research & Development,Healthcare Representative,2,Yes,Travel_Frequently,18,3,3,4,4,10,2,0,3.25,High,1,Medium,61.50998205402495,3
40,0,Research & Development,Research Scientist,1,No,Travel_Rarely,2,3,3,2,3,5,3,0,2.75,Moderate,0,Low,66.66666666666667,1
35,0,Research & Development,Research Scientist,1,No,Travel_Rarely,1,4,3,4,3,4,3,1,3.0,High,0,Low,61.50998205402495,1
29,0,Research & Development,Laboratory Technician,2,Yes,Travel_Rarely,13,2,4,1,3,4,3,0,2.25,Moderate,1,Medium,13.93370341761296,2
29,0,Research & Development,Research Scientist,1,No,Travel_Rarely,28,1,4,2,1,5,4,0,2.25,Moderate,1,Medium,5.71909584179366,1
50,1,Sales,Sales Executive,3,Yes,Travel_Rarely,28,1,4,2,3,3,2,2,2.25,Moderate,1,Medium,13.93370341761296,2
39,0,Sales,Sales Executive,4,No,Travel_Rarely,24,4,2,1,2,20,9,9,2.25,Moderate,1,Medium,16.1129507192139,1
31,0,Research & Development,Manufacturing Director,2,No,Non-Travel,5,1,2,2,3,9,4,1,2.0,Moderate,0,Low,45.566894604818266,0
26,0,Sales,Sales Representative,1,No,Travel_Rarely,5,3,4,4,3,4,2,0,3.25,High,0,Low,61.50998205402495,1
36,0,Research & Development,Laboratory Technician,2,No,Travel_Frequently,23,4,3,3,3,5,2,0,3.5,High,0,Low,66.66666666666667,2
39,0,Research & Development,Healthcare Representative,3,No,Travel_Rarely,6,1,4,1,3,7,7,1,2.0,Moderate,0,Low,0.0,1
27,0,Research & Development,Manufacturing Director,2,Yes,Travel_Rarely,4,2,2,2,3,6,2,0,2.5,Moderate,1,Medium,66.66666666666667,2
49,0,Sales,Sales Executive,2,No,Travel_Frequently,2,2,4,4,2,9,6,0,3.0,High,1,Medium,23.019964108049905,2
34,0,Research & Development,Laboratory Technician,2,No,Travel_Rarely,8,3,2,1,4,4,3,1,2.5,Moderate,0,Low,13.93370341761296,1
